event,type,date,constituency_code,constituency,boundaries,registered,ballots_cast,rejected,valid_votes,turnout,turnout_basis,winner,winner_party,runner_up,runner_up_party,majority,margin_pct,winner_share_pct,effective_candidates,candidates,competitiveness,seat_changed_hands,previous_winner_party,ndc_two_party_pct,swing_to_ndc_pts,source,source_page,verification,note
1951,general,1951-10-10,,St. George's Town,pre-1972,,,,1989,,ballots cast,"Marryshow, T.A.",AC,"Radix, A.",MMWU,247,12.42,56.21,1.97,2,competitive (5–15 pts),,,,,ElectionPassport compilation (secondary),,unverified,
1951,general,1951-10-10,,St. George Parish,pre-1972,,,,4268,,ballots cast,"Gairy, E.M.",MMWU,"Mitchell, E.A.",AC,2712,63.54,81.77,1.425,2,safe (15+ pts),,,,,ElectionPassport compilation (secondary),,unverified,
1951,general,1951-10-10,,St. John/St. Mark,pre-1972,,,,2877,,ballots cast,"McKie, H.A.",MMWU,"Ferguson, C.G.",AC,1525,53.01,73.65,1.7,3,safe (15+ pts),,,,,ElectionPassport compilation (secondary),,unverified,
1951,general,1951-10-10,,St. Patrick,pre-1972,,,,2646,,ballots cast,"Moore, R.C.P.",MMWU,"Copland, W.E.",AC,1170,44.22,72.11,1.673,2,safe (15+ pts),,,,,ElectionPassport compilation (secondary),,unverified,
1951,general,1951-10-10,,St. Andrew North,pre-1972,,,,1868,,ballots cast,"Keens-Douglas, R.A.",MMWU,"Williams, R.O.",AC,927,49.63,72.38,1.73,3,safe (15+ pts),,,,,ElectionPassport compilation (secondary),,unverified,
1951,general,1951-10-10,,St. Andrew South,pre-1972,,,,2609,,ballots cast,"Noel, F.C.",MMWU,"Sylvester, D.T.",IND,1091,41.82,66.27,1.97,3,safe (15+ pts),,,,,ElectionPassport compilation (secondary),,unverified,
1951,general,1951-10-10,,St. David,pre-1972,,,,2183,,ballots cast,"Gibbs, T.J.",MMWU,"Radix, D.W.",IND,1348,61.75,77.55,1.587,4,safe (15+ pts),,,,,ElectionPassport compilation (secondary),,unverified,
1951,general,1951-10-10,,Carriacou,pre-1972,,,,2182,,ballots cast,"Sylvester, C. St B.",AC,"Paterson, F.B.",MMWU,112,5.13,52.57,1.995,2,competitive (5–15 pts),,,,,ElectionPassport compilation (secondary),,unverified,
1954,general,1954-09-20,,St. George's Town,pre-1972,,,,1956,,ballots cast,"Marryshow, T.A.",IND,"Lewis, J.J.",GULP,467,23.88,50.51,2.825,4,safe (15+ pts),,,,,"ElectionPassport (secondary); winner checked against Government Gazette (Extraordinary) No. 54, 30 September 1954, notice No. 265",,conflict,"The Gazette’s last digit is unclear: it looks like 983, ElectionPassport gives 988."
1954,general,1954-09-20,,St. George Parish,pre-1972,,,,3375,,ballots cast,"Gairy, E.M.",GULP,"Knight, J.M.",IND,2221,65.81,79.26,1.535,3,safe (15+ pts),,,,,"ElectionPassport (secondary); winner checked against Government Gazette (Extraordinary) No. 54, 30 September 1954, notice No. 265",,partly verified,
1954,general,1954-09-20,,St. John/St. Mark,pre-1972,,,,3608,,ballots cast,"Thomas, L.C.J.",GULP,"Ferguson, C.A.",IND,607,16.82,51.8,2.522,5,safe (15+ pts),,,,,"ElectionPassport (secondary); winner checked against Government Gazette (Extraordinary) No. 54, 30 September 1954, notice No. 265",,partly verified,
1954,general,1954-09-20,,St. Patrick,pre-1972,,,,3013,,ballots cast,"Williams, R.O.",GULP,"Copland, W.E.",IND,147,4.88,37.77,2.968,3,marginal (<5 pts),,,,,"ElectionPassport (secondary); winner checked against Government Gazette (Extraordinary) No. 54, 30 September 1954, notice No. 265",,partly verified,
1954,general,1954-09-20,,St. Andrew North,pre-1972,,,,2065,,ballots cast,"Keens-Douglas, R.A.",GULP,"Morrison, C.W.",IND,1387,67.17,83.58,1.378,2,safe (15+ pts),,,,,"ElectionPassport (secondary); winner checked against Government Gazette (Extraordinary) No. 54, 30 September 1954, notice No. 265",,partly verified,
1954,general,1954-09-20,,St. Andrew South,pre-1972,,,,3345,,ballots cast,"Williams, A.L.",GULP,"Noel, F.C.",IND,53,1.58,40.75,2.959,5,marginal (<5 pts),,,,,"ElectionPassport (secondary); winner checked against Government Gazette (Extraordinary) No. 54, 30 September 1954, notice No. 265",,partly verified,
1954,general,1954-09-20,,St. David,pre-1972,,,,2535,,ballots cast,"Gibbs, T.J.",GULP,"Radix, D.W.",IND,483,19.05,41.62,3.653,5,safe (15+ pts),,,,,"ElectionPassport (secondary); winner checked against Government Gazette (Extraordinary) No. 54, 30 September 1954, notice No. 265",,partly verified,
1954,general,1954-09-20,,Carriacou,pre-1972,,,,2578,,ballots cast,"Paterson, F.B.",IND,"Sylvester, E.L.",GULP,705,27.35,50.23,2.861,4,safe (15+ pts),,,,,"ElectionPassport (secondary); winner checked against Government Gazette (Extraordinary) No. 54, 30 September 1954, notice No. 265",,partly verified,"Winner’s vote corrected from ElectionPassport’s 1,296 to the Gazette’s 1,295."
1957,general,1957-09-24,,St. George's Town,pre-1972,,,,2039,,ballots cast,"Marryshow, T.A.",IND,"Mitchell, E.A.",GNP,15,0.74,36.34,2.963,3,marginal (<5 pts),,,,,"ElectionPassport (secondary); winner checked against Government Gazette (Extraordinary) No. 53, 5 October 1957",,partly verified,
1957,general,1957-09-24,,St. George Parish,pre-1972,,,,4899,,ballots cast,"Gairy, E.M.",GULP,"Purcell, L.A.",PDM,2043,41.7,61.2,2.223,3,safe (15+ pts),,,,,"ElectionPassport (secondary); winner checked against Government Gazette (Extraordinary) No. 53, 5 October 1957",,partly verified,
1957,general,1957-09-24,,St. John/St. Mark,pre-1972,,,,2891,,ballots cast,"Thomas, L.C.J",PDM,"McLean, H.",GULP,37,1.28,46.35,2.357,4,marginal (<5 pts),,,,,"ElectionPassport (secondary); winner checked against Government Gazette (Extraordinary) No. 53, 5 October 1957",,partly verified,
1957,general,1957-09-24,,St. Patrick,pre-1972,,,,3651,,ballots cast,"Copland, W.E.",GNP,"Williams, R.O.",GULP,139,3.81,45.38,2.526,3,marginal (<5 pts),,,,,"ElectionPassport (secondary); winner checked against Government Gazette (Extraordinary) No. 53, 5 October 1957",,partly verified,
1957,general,1957-09-24,,St. Andrew North,pre-1972,,,,2606,,ballots cast,"Keens-Douglas, R.A.",IND,"Forrester, R.T.A.",GULP,261,10.02,53.88,2.07,3,competitive (5–15 pts),,,,,"ElectionPassport (secondary); winner checked against Government Gazette (Extraordinary) No. 53, 5 October 1957",,partly verified,
1957,general,1957-09-24,,St. Andrew South,pre-1972,,,,3577,,ballots cast,"Noel, F.C.",PDM,"Moore, R.C.P.",GULP,474,13.25,53.45,2.216,3,competitive (5–15 pts),,,,,"ElectionPassport (secondary); winner checked against Government Gazette (Extraordinary) No. 53, 5 October 1957",,partly verified,
1957,general,1957-09-24,,St. David,pre-1972,,,,2528,,ballots cast,"Gibbs, T.J.",GULP,"Radix, D.W.",GNP,23,0.91,38.88,2.866,3,marginal (<5 pts),,,,,"ElectionPassport (secondary); winner checked against Government Gazette (Extraordinary) No. 53, 5 October 1957",,conflict,"The Gazette’s last digit is faint: it reads 985, ElectionPassport gives 983."
1957,general,1957-09-24,,Carriacou,pre-1972,,,,2491,,ballots cast,"Blaize, H.A.",GNP,"Paterson, F.B.",GULP,497,19.95,59.98,1.923,2,safe (15+ pts),,,,,"ElectionPassport (secondary); winner checked against Government Gazette (Extraordinary) No. 53, 5 October 1957",,partly verified,
1961,general,1961-03-27,,St. George's Town,pre-1972,,,,1958,,ballots cast,"Mitchell, E.A.",GNP,"Moore, R.C.P.",GULP,186,9.5,44.64,2.75,3,competitive (5–15 pts),,,,,"ElectionPassport (secondary); winner checked against Government Gazette (Extraordinary) No. 18, 6 April 1961",,partly verified,
1961,general,1961-03-27,,St. George Parish North,pre-1972,,,,2787,,ballots cast,"Clyne, G.E.D",GULP,"Purcell, L.A.",PPM,372,13.35,54.43,2.141,3,competitive (5–15 pts),,,,,"ElectionPassport (secondary); winner checked against Government Gazette (Extraordinary) No. 18, 6 April 1961",,partly verified,
1961,general,1961-03-27,,St. George Parish South,pre-1972,,,,1908,,ballots cast,"Thorne, J.",GULP,"Robertson, H.A.",GNP,996,52.2,71.23,1.808,3,safe (15+ pts),,,,,"ElectionPassport (secondary); winner checked against Government Gazette (Extraordinary) No. 18, 6 April 1961",,partly verified,
1961,general,1961-03-27,,St. John,pre-1972,,,,1682,,ballots cast,"Preudhomme, H.J.",GULP,"DeCoteau, J.G.",GNP,648,38.53,59.87,2.276,3,safe (15+ pts),,,,,"ElectionPassport (secondary); winner checked against Government Gazette (Extraordinary) No. 18, 6 April 1961",,partly verified,
1961,general,1961-03-27,,St. Mark,pre-1972,,,,1041,,ballots cast,"Forsyth, A.O.",GULP,"Duncan, W.L.",GNP,409,39.29,69.64,1.733,2,safe (15+ pts),,,,,"ElectionPassport (secondary); winner checked against Government Gazette (Extraordinary) No. 18, 6 April 1961",,partly verified,
1961,general,1961-03-27,,St. Patrick,pre-1972,,,,2736,,ballots cast,"Williams, R.O.",GULP,"Copland, W.E.",GNP,280,10.23,55.12,1.979,2,competitive (5–15 pts),,,,,"ElectionPassport (secondary); winner checked against Government Gazette (Extraordinary) No. 18, 6 April 1961",,partly verified,
1961,general,1961-03-27,,St. Andrew North,pre-1972,,,,2347,,ballots cast,"Williams, A.L.",GULP,"Keens-Douglas, R.A.",IND,688,29.31,60.55,2.124,3,safe (15+ pts),,,,,"ElectionPassport (secondary); winner checked against Government Gazette (Extraordinary) No. 18, 6 April 1961",,partly verified,
1961,general,1961-03-27,,St. Andrew South,pre-1972,,,,3091,,ballots cast,"Sylvester, D.T.",GULP,"Noel, F.C.",GNP,656,21.22,48.75,2.908,5,safe (15+ pts),,,,,"ElectionPassport (secondary); winner checked against Government Gazette (Extraordinary) No. 18, 6 April 1961",,partly verified,
1961,general,1961-03-27,,St. David,pre-1972,,,,2343,,ballots cast,"Gairy, C.B.",GULP,"Thomas, L.C.J.",PPM,684,29.19,64.28,1.865,3,safe (15+ pts),,,,,"ElectionPassport (secondary); winner checked against Government Gazette (Extraordinary) No. 18, 6 April 1961",,partly verified,
1961,general,1961-03-27,,Carriacou,pre-1972,,,,1861,,ballots cast,"Blaize, H.A.",GNP,"Cayenne, C.A.",GULP,1125,60.45,80.23,1.465,2,safe (15+ pts),,,,,"ElectionPassport (secondary); winner checked against Government Gazette (Extraordinary) No. 18, 6 April 1961",,partly verified,
1962,general,1962-09-13,,St. George's Town,pre-1972,,,,2121,,ballots cast,"Mitchell, E.A.",GNP,"Mark, M.Z.",GULP,879,41.44,70.72,1.707,2,safe (15+ pts),,,,,"ElectionPassport (secondary); winner checked against Government Gazette (Extraordinary) No. 56, 17 September 1962; No. 63, 11 October 1962 (Carriacou)",,partly verified,
1962,general,1962-09-13,,St. George Parish North,pre-1972,,,,2997,,ballots cast,"Purcell, L.A.",GNP,"James, E.V.",GULP,135,4.5,52.25,1.996,2,marginal (<5 pts),,,,,"ElectionPassport (secondary); winner checked against Government Gazette (Extraordinary) No. 56, 17 September 1962; No. 63, 11 October 1962 (Carriacou)",,partly verified,
1962,general,1962-09-13,,St. George Parish South,pre-1972,,,,2284,,ballots cast,"Gairy, E.M.",GULP,"Cruickshank, A.M.",GNP,254,11.12,55.56,1.976,2,competitive (5–15 pts),,,,,"ElectionPassport (secondary); winner checked against Government Gazette (Extraordinary) No. 56, 17 September 1962; No. 63, 11 October 1962 (Carriacou)",,partly verified,
1962,general,1962-09-13,,St. John,pre-1972,,,,1986,,ballots cast,"Welsh, McD.",GNP,"Preudhomme, H.J.",GULP,41,2.06,49.5,2.124,3,marginal (<5 pts),,,,,"ElectionPassport (secondary); winner checked against Government Gazette (Extraordinary) No. 56, 17 September 1962; No. 63, 11 October 1962 (Carriacou)",,partly verified,
1962,general,1962-09-13,,St. Mark,pre-1972,,,,1102,,ballots cast,"Forsyth, A.O.",GULP,"Duncan, W.L.",GNP,142,12.89,56.44,1.967,2,competitive (5–15 pts),,,,,"ElectionPassport (secondary); winner checked against Government Gazette (Extraordinary) No. 56, 17 September 1962; No. 63, 11 October 1962 (Carriacou)",,partly verified,
1962,general,1962-09-13,,St. Patrick,pre-1972,,,,2887,,ballots cast,"Copland, W.E.",GNP,"Moses, R.J.",GULP,703,24.35,62.18,1.888,2,safe (15+ pts),,,,,"ElectionPassport (secondary); winner checked against Government Gazette (Extraordinary) No. 56, 17 September 1962; No. 63, 11 October 1962 (Carriacou)",,partly verified,
1962,general,1962-09-13,,St. Andrew North,pre-1972,,,,2549,,ballots cast,"Williams, A.L.",GULP,"Thomas, L.C.J.",GNP,81,3.18,51.59,1.998,2,marginal (<5 pts),,,,,"ElectionPassport (secondary); winner checked against Government Gazette (Extraordinary) No. 56, 17 September 1962; No. 63, 11 October 1962 (Carriacou)",,partly verified,
1962,general,1962-09-13,,St. Andrew South,pre-1972,,,,2685,,ballots cast,"Bhola, R.M.",GNP,"Sylvester, D.T.",GULP,533,19.85,59.93,1.924,2,safe (15+ pts),,,,,"ElectionPassport (secondary); winner checked against Government Gazette (Extraordinary) No. 56, 17 September 1962; No. 63, 11 October 1962 (Carriacou)",,partly verified,"Winner’s vote corrected from ElectionPassport’s 1,610 to the Gazette’s 1,609."
1962,general,1962-09-13,,St. David,pre-1972,,,,2495,,ballots cast,"Gairy, C.B.",GULP,"Hypolite, C.",GNP,179,7.17,53.59,1.99,2,competitive (5–15 pts),,,,,"ElectionPassport (secondary); winner checked against Government Gazette (Extraordinary) No. 56, 17 September 1962; No. 63, 11 October 1962 (Carriacou)",,partly verified,
1962,general,1962-09-13,,Carriacou,pre-1972,,,,0,,ballots cast,"Blaize, H.A.",GNP,,,,,,,1,unopposed,,,,,"ElectionPassport (secondary); winner checked against Government Gazette (Extraordinary) No. 56, 17 September 1962; No. 63, 11 October 1962 (Carriacou)",,official,"Herbert Augustus Blaize was returned unopposed on nomination day, 25 August 1962."
1967,general,1967-08-24,,St. George's Town,pre-1972,,,,2245,,ballots cast,"Scipio, H.R.",GNP,"Clyne, G.E.D.",GULP,377,16.79,58.4,1.945,2,safe (15+ pts),,,,,ElectionPassport compilation (secondary),,unverified,
1967,general,1967-08-24,,St. George Parish North,pre-1972,,,,3866,,ballots cast,"Hosten, G.F.",GULP,"Purcell, L.A.",GNP,418,10.81,55.41,1.977,2,competitive (5–15 pts),,,,,ElectionPassport compilation (secondary),,unverified,
1967,general,1967-08-24,,St. George Parish South,pre-1972,,,,3505,,ballots cast,"Gairy, E.M.",GULP,"Cruickshank, A.M.",GNP,887,25.31,62.65,1.88,2,safe (15+ pts),,,,,ElectionPassport compilation (secondary),,unverified,
1967,general,1967-08-24,,St. John,pre-1972,,,,2449,,ballots cast,"Preudhomme, H.J.",GULP,"Welsh, McD.",GNP,609,24.87,62.43,1.884,2,safe (15+ pts),,,,,ElectionPassport compilation (secondary),,unverified,
1967,general,1967-08-24,,St. Mark,pre-1972,,,,1391,,ballots cast,"Forsyth, A.O.",GULP,"Frederick, G.O.",GNP,445,31.99,66.0,1.814,2,safe (15+ pts),,,,,ElectionPassport compilation (secondary),,unverified,
1967,general,1967-08-24,,St. Patrick,pre-1972,,,,3551,,ballots cast,"Friday, W.R.L.",GNP,"Prosper, J.M.I.",GULP,173,4.87,52.44,1.995,2,marginal (<5 pts),,,,,ElectionPassport compilation (secondary),,unverified,
1967,general,1967-08-24,,St. Andrew North,pre-1972,,,,3144,,ballots cast,"Williams, A.L.",GULP,"Jones, B.J.",GNP,1104,35.11,67.56,1.78,2,safe (15+ pts),,,,,ElectionPassport compilation (secondary),,unverified,
1967,general,1967-08-24,,St. Andrew South,pre-1972,,,,3809,,ballots cast,"Sylvester, D.T.",GULP,"Bhola, R.M.",GNP,267,7.01,53.5,1.99,2,competitive (5–15 pts),,,,,ElectionPassport compilation (secondary),,unverified,
1967,general,1967-08-24,,St. David,pre-1972,,,,3039,,ballots cast,"Gairy, C.B.",GULP,"Radix, D.A.",GNP,1013,33.33,66.67,1.8,2,safe (15+ pts),,,,,ElectionPassport compilation (secondary),,unverified,
1967,general,1967-08-24,,Carriacou,pre-1972,,,,2038,,ballots cast,"Blaize, H.A.",GNP,"Sylvester, M.J.",GULP,1576,77.33,88.67,1.252,2,safe (15+ pts),,,,,ElectionPassport compilation (secondary),,unverified,
1972,general,1972-02-28,A,Carriacou & Petite Martinique,1972–present (15 seats),2673,,,2170,0.8118,valid votes,"Blaize, H.A.",GNP,"Caesar, M.A.",GULP,1094,50.41,75.21,1.595,2,safe (15+ pts),,,,,"Government Gazette No. 20, 11 March 1972",136,official,
1972,general,1972-02-28,B,St. Andrew South East,1972–present (15 seats),1958,,,1697,0.8667,valid votes,"Alexis, H.P.G.",GULP,"Bhola, R.M.",GNP,507,29.88,64.94,1.836,2,safe (15+ pts),,,,,"Government Gazette No. 20, 11 March 1972",133,official,
1972,general,1972-02-28,C,St. Andrew South West,1972–present (15 seats),3306,,,2905,0.8787,valid votes,"Sylvester, D.T.",GULP,"Ogilvie, H.W.H.",GNP,239,8.23,54.11,1.987,2,competitive (5–15 pts),,,,,"Government Gazette No. 20, 11 March 1972",133,official,
1972,general,1972-02-28,D,St. Andrew North East,1972–present (15 seats),2571,,,2025,0.7876,valid votes,"Nedd, W.",GULP,"Simon, V.B.",GNP,897,44.3,72.15,1.672,2,safe (15+ pts),,,,,"Government Gazette No. 20, 11 March 1972",134,official,
1972,general,1972-02-28,E,St. Andrew North West,1972–present (15 seats),1841,,,1666,0.9049,valid votes,"Benjamin, N.",GULP,"Jones, B.J.",GNP,666,39.98,69.99,1.724,2,safe (15+ pts),,,,,"Government Gazette No. 20, 11 March 1972",134,official,
1972,general,1972-02-28,F,St. David,1972–present (15 seats),4454,,,3666,0.8231,valid votes,"Gairy, C.B.",GULP,"Whiteman, U.",GNP,1142,31.15,65.58,1.823,2,safe (15+ pts),,,,,"Government Gazette No. 20, 11 March 1972",133,official,
1972,general,1972-02-28,G,Town of St. George,1972–present (15 seats),3381,,,2437,0.7208,valid votes,"Morris, J.N.",GULP,"Scipio, H.R.",GNP,21,0.86,50.43,2.0,2,marginal (<5 pts),,,,,"Government Gazette No. 20, 11 March 1972",132,official,
1972,general,1972-02-28,H,St. George North East,1972–present (15 seats),3251,,,2796,0.86,valid votes,"Dolland, F.O.",GULP,"O'Neil, F.G.",GNP,212,7.58,53.79,1.989,2,competitive (5–15 pts),,,,,"Government Gazette No. 20, 11 March 1972",136,official,"In the Gazette, the polling-division figures add up to F. Dolland 1,502 and F. O'Neale 1,337, but the printed totals are 1,504 and 1,292. The printed totals are shown."
1972,general,1972-02-28,J,St. George North West,1972–present (15 seats),2204,,,1898,0.8612,valid votes,"Hosten, G.F.",GULP,"Mitchell, E.A.",GNP,782,41.2,70.6,1.71,2,safe (15+ pts),,,,,"Government Gazette No. 20, 11 March 1972",136,official,"In the Gazette, the polling-division figures add up to G. Hosten 1,341 and K. Mitchell 558, but the printed totals are 1,340 and 558. The printed totals are shown."
1972,general,1972-02-28,K,St. George South East,1972–present (15 seats),2620,,,2096,0.8,valid votes,"Williams, A.J.",GULP,"Renwick, G.C.",GNP,560,26.72,63.36,1.867,2,safe (15+ pts),,,,,"Government Gazette No. 20, 11 March 1972",137,official,
1972,general,1972-02-28,L,St. George South,1972–present (15 seats),2726,,,2186,0.8019,valid votes,"Gairy, E.M.",GULP,"Strachan, S.H.",GNP,910,41.63,70.81,1.705,2,safe (15+ pts),,,,,"Government Gazette No. 20, 11 March 1972",137,official,
1972,general,1972-02-28,M,St. John,1972–present (15 seats),3731,,,2947,0.7899,valid votes,"Preudhomme, H.J.",GULP,"Branch, J.A.",GNP,607,20.6,60.3,1.919,2,safe (15+ pts),,,,,"Government Gazette No. 20, 11 March 1972",135,official,
1972,general,1972-02-28,N,St. Mark,1972–present (15 seats),1883,,,1652,0.8773,valid votes,"Forsyth, A.O.",GULP,"Japal, R.R.",GNP,422,25.54,62.77,1.877,2,safe (15+ pts),,,,,"Government Gazette No. 20, 11 March 1972",135,official,
1972,general,1972-02-28,P,St. Patrick East,1972–present (15 seats),2207,,,1731,0.7843,valid votes,"Raeburn, O.A.T.",GULP,"Nyack, W.L.",GNP,199,11.5,55.75,1.974,2,competitive (5–15 pts),,,,,"Government Gazette No. 20, 11 March 1972",134,official,
1972,general,1972-02-28,R,St. Patrick West,1972–present (15 seats),2723,,,2369,0.87,valid votes,"Friday, W.R.L.",GNP,"Whyte, W.M.",GULP,1,0.04,50.02,2.0,2,marginal (<5 pts),,,,,"Government Gazette No. 20, 11 March 1972",135,official,
1976,general,1976-12-07,A,Carriacou & Petite Martinique,1972–present (15 seats),3316,,,2011,0.6065,valid votes,Herbert Blaize,PA,Charles Cayenne,GULP,1073,53.36,76.68,1.557,2,safe (15+ pts),yes,GNP,,,"The Grenada Newsletter, 11 December 1976 (votes); Government Gazette No. 58, 30 November 1976 (electors)",,corroborated,"Votes: The Grenada Newsletter, 11 December 1976, reporting the Supervisor of Elections’ figures. Electors: Government Gazette (Extraordinary) No. 58, 30 November 1976, which totals 63,193. The official results notice itself has not been found."
1976,general,1976-12-07,B,St. Andrew South East,1972–present (15 seats),3016,,,2055,0.6814,valid votes,Hubert Alexis,GULP,Sydney Ambrose,PA,485,23.6,61.8,1.894,2,safe (15+ pts),no,GULP,,,"The Grenada Newsletter, 11 December 1976 (votes); Government Gazette No. 58, 30 November 1976 (electors)",,corroborated,"Votes: The Grenada Newsletter, 11 December 1976, reporting the Supervisor of Elections’ figures. Electors: Government Gazette (Extraordinary) No. 58, 30 November 1976, which totals 63,193. The official results notice itself has not been found."
1976,general,1976-12-07,C,St. Andrew South West,1972–present (15 seats),5054,,,3287,0.6504,valid votes,Norris Bain,PA,Lloyd St. Louis,GULP,255,7.76,53.88,1.988,2,competitive (5–15 pts),yes,GULP,,,"The Grenada Newsletter, 11 December 1976 (votes); Government Gazette No. 58, 30 November 1976 (electors)",,corroborated,"Votes: The Grenada Newsletter, 11 December 1976, reporting the Supervisor of Elections’ figures. Electors: Government Gazette (Extraordinary) No. 58, 30 November 1976, which totals 63,193. The official results notice itself has not been found."
1976,general,1976-12-07,D,St. Andrew North East,1972–present (15 seats),4043,,,2385,0.5899,valid votes,Cysler Thomas,GULP,Vernon Simon,PA,435,18.24,59.12,1.936,2,safe (15+ pts),no,GULP,,,"The Grenada Newsletter, 11 December 1976 (votes); Government Gazette No. 58, 30 November 1976 (electors)",,corroborated,"Votes: The Grenada Newsletter, 11 December 1976, reporting the Supervisor of Elections’ figures. Electors: Government Gazette (Extraordinary) No. 58, 30 November 1976, which totals 63,193. The official results notice itself has not been found."
1976,general,1976-12-07,E,St. Andrew North West,1972–present (15 seats),3081,,,2151,0.6981,valid votes,Innocent Belmar,GULP,Raymond Rush,PA,509,23.66,61.83,1.894,2,safe (15+ pts),no,GULP,,,"The Grenada Newsletter, 11 December 1976 (votes); Government Gazette No. 58, 30 November 1976 (electors)",,corroborated,"Votes: The Grenada Newsletter, 11 December 1976, reporting the Supervisor of Elections’ figures. Electors: Government Gazette (Extraordinary) No. 58, 30 November 1976, which totals 63,193. The official results notice itself has not been found."
1976,general,1976-12-07,F,St. David,1972–present (15 seats),6589,,,4279,0.6494,valid votes,Cynthia Gairy,GULP,Kenrick Radix,PA,263,6.15,53.07,1.992,2,competitive (5–15 pts),no,GULP,,,"The Grenada Newsletter, 11 December 1976 (votes); Government Gazette No. 58, 30 November 1976 (electors)",,corroborated,"Votes: The Grenada Newsletter, 11 December 1976, reporting the Supervisor of Elections’ figures. Electors: Government Gazette (Extraordinary) No. 58, 30 November 1976, which totals 63,193. The official results notice itself has not been found."
1976,general,1976-12-07,G,Town of St. George,1972–present (15 seats),5691,,,3001,0.5273,valid votes,Bernard Coard,PA,Roy St. John,GULP,369,12.3,56.15,1.97,2,competitive (5–15 pts),yes,GULP,,,"The Grenada Newsletter, 11 December 1976 (votes); Government Gazette No. 58, 30 November 1976 (electors)",,corroborated,"Votes: The Grenada Newsletter, 11 December 1976, reporting the Supervisor of Elections’ figures. Electors: Government Gazette (Extraordinary) No. 58, 30 November 1976, which totals 63,193. The official results notice itself has not been found."
1976,general,1976-12-07,H,St. George North East,1972–present (15 seats),5047,,,3321,0.658,valid votes,Unison Whiteman,PA,Franklyn Dolland,GULP,395,11.89,55.95,1.972,2,competitive (5–15 pts),yes,GULP,,,"The Grenada Newsletter, 11 December 1976 (votes); Government Gazette No. 58, 30 November 1976 (electors)",,corroborated,"Votes: The Grenada Newsletter, 11 December 1976, reporting the Supervisor of Elections’ figures. Electors: Government Gazette (Extraordinary) No. 58, 30 November 1976, which totals 63,193. The official results notice itself has not been found."
1976,general,1976-12-07,J,St. George North West,1972–present (15 seats),3191,,,2202,0.6901,valid votes,George Hosten,GULP,Blanche Sylvester,IND,596,27.07,63.53,1.863,2,safe (15+ pts),no,GULP,,,"The Grenada Newsletter, 11 December 1976 (votes); Government Gazette No. 58, 30 November 1976 (electors)",,corroborated,"Votes: The Grenada Newsletter, 11 December 1976, reporting the Supervisor of Elections’ figures. Electors: Government Gazette (Extraordinary) No. 58, 30 November 1976, which totals 63,193. The official results notice itself has not been found."
1976,general,1976-12-07,K,St. George South East,1972–present (15 seats),3943,,,2530,0.6416,valid votes,Maurice Bishop,PA,Norman DeSousa,GULP,108,4.27,52.13,1.996,2,marginal (<5 pts),yes,GULP,,,"The Grenada Newsletter, 11 December 1976 (votes); Government Gazette No. 58, 30 November 1976 (electors)",,corroborated,"Votes: The Grenada Newsletter, 11 December 1976, reporting the Supervisor of Elections’ figures. Electors: Government Gazette (Extraordinary) No. 58, 30 November 1976, which totals 63,193. The official results notice itself has not been found."
1976,general,1976-12-07,L,St. George South,1972–present (15 seats),5175,,,3092,0.5975,valid votes,Eric Gairy,GULP,Selwin Strachan,PA,886,28.65,64.33,1.848,2,safe (15+ pts),no,GULP,,,"The Grenada Newsletter, 11 December 1976 (votes); Government Gazette No. 58, 30 November 1976 (electors)",,corroborated,"Votes: The Grenada Newsletter, 11 December 1976, reporting the Supervisor of Elections’ figures. Electors: Government Gazette (Extraordinary) No. 58, 30 November 1976, which totals 63,193. The official results notice itself has not been found."
1976,general,1976-12-07,M,St. John,1972–present (15 seats),5538,,,3746,0.6764,valid votes,Herbert Preudhomme,GULP,Lloyd Noel,PA,446,11.91,55.95,1.972,2,competitive (5–15 pts),no,GULP,,,"The Grenada Newsletter, 11 December 1976 (votes); Government Gazette No. 58, 30 November 1976 (electors)",,corroborated,"Votes: The Grenada Newsletter, 11 December 1976, reporting the Supervisor of Elections’ figures. Electors: Government Gazette (Extraordinary) No. 58, 30 November 1976, which totals 63,193. The official results notice itself has not been found."
1976,general,1976-12-07,N,St. Mark,1972–present (15 seats),2518,,,1940,0.7705,valid votes,Albert Forsythe,GULP,Rupert Japal,PA,218,11.24,55.62,1.975,2,competitive (5–15 pts),no,GULP,,,"The Grenada Newsletter, 11 December 1976 (votes); Government Gazette No. 58, 30 November 1976 (electors)",,corroborated,"Votes: The Grenada Newsletter, 11 December 1976, reporting the Supervisor of Elections’ figures. Electors: Government Gazette (Extraordinary) No. 58, 30 November 1976, which totals 63,193. The official results notice itself has not been found."
1976,general,1976-12-07,P,St. Patrick East,1972–present (15 seats),3082,,,1944,0.6308,valid votes,Oliver Raeburn,GULP,Wilberforce Nyack,PA,60,3.09,51.54,1.998,2,marginal (<5 pts),no,GULP,,,"The Grenada Newsletter, 11 December 1976 (votes); Government Gazette No. 58, 30 November 1976 (electors)",,corroborated,"Votes: The Grenada Newsletter, 11 December 1976, reporting the Supervisor of Elections’ figures. Electors: Government Gazette (Extraordinary) No. 58, 30 November 1976, which totals 63,193. The official results notice itself has not been found."
1976,general,1976-12-07,R,St. Patrick West,1972–present (15 seats),3909,,,2812,0.7194,valid votes,Winston Whyte,PA,Ashton Frame,GULP,284,10.1,55.05,1.98,2,competitive (5–15 pts),yes,GNP,,,"The Grenada Newsletter, 11 December 1976 (votes); Government Gazette No. 58, 30 November 1976 (electors)",,corroborated,"Votes: The Grenada Newsletter, 11 December 1976, reporting the Supervisor of Elections’ figures. Electors: Government Gazette (Extraordinary) No. 58, 30 November 1976, which totals 63,193. The official results notice itself has not been found."
1984,general,1984-12-03,A,Carriacou & Petite Martinique,1972–present (15 seats),2443,,,1979,0.8101,valid votes,Herbert A. Blaize,NNP,Lyle A. Bullen,MBPM,1517,76.65,84.03,1.397,4,safe (15+ pts),yes,PA,0.0,,"PEO Old Elections Results (1984–2008), candidate table",15,official,
1984,general,1984-12-03,B,St. Andrew South East,1972–present (15 seats),2451,,,2143,0.8703,valid votes,Pauline C. Andrew,NNP,Irvin I. Duncan,GULP,97,4.53,51.05,2.095,5,marginal (<5 pts),yes,GULP,0.0,,"PEO Old Elections Results (1984–2008), candidate table",15,corroborated,"Fenderson J. Felix (GFLP, 10 votes) is missing from the PEO table but appears in The Grenada Newsletter (24 March 1990) and in IFES/Emmanuel; restored."
1984,general,1984-12-03,C,St. Andrew South West,1972–present (15 seats),3907,,,3400,0.8702,valid votes,Ben J. Jones,NNP,Winifred C. Strachan,GULP,758,22.29,57.76,2.162,4,safe (15+ pts),yes,PA,0.0,,"PEO Old Elections Results (1984–2008), candidate table",15,official,
1984,general,1984-12-03,D,St. Andrew North East,1972–present (15 seats),2867,,,2416,0.8427,valid votes,Marcel J. Peters,GULP,Mc Lean Pope,NNP,136,5.63,52.81,1.994,2,competitive (5–15 pts),no,GULP,0.0,,"PEO Old Elections Results (1984–2008), candidate table",15,official,"The winners’ summary on an earlier page of the same PEO document gives Marcel J. Peters 1,286 votes; the candidate table, used here, gives 1,276."
1984,general,1984-12-03,E,St. Andrew North West,1972–present (15 seats),2592,,,2304,0.8889,valid votes,Alleyne Walker,NNP,Herbert B. Fletcher,GULP,278,12.07,55.64,2.002,3,competitive (5–15 pts),yes,GULP,0.0,,"PEO Old Elections Results (1984–2008), candidate table",15,official,
1984,general,1984-12-03,F,St. David,1972–present (15 seats),5357,,,4723,0.8817,valid votes,Daniel C. Williams,NNP,Denis J. Radix,GULP,1100,23.29,60.47,1.982,3,safe (15+ pts),yes,GULP,0.0,,"PEO Old Elections Results (1984–2008), candidate table",15,official,
1984,general,1984-12-03,G,Town of St. George,1972–present (15 seats),3338,,,2677,0.802,valid votes,George Mc Guire,NNP,Raymond H. Anthony,GULP,989,36.94,65.18,1.969,4,safe (15+ pts),yes,PA,0.0,,"PEO Old Elections Results (1984–2008), candidate table",15,official,
1984,general,1984-12-03,H,St. George North East,1972–present (15 seats),4031,,,3386,0.84,valid votes,George I. Brizan,NNP,Albert O. Forsyth,GULP,1620,47.84,72.0,1.731,4,safe (15+ pts),yes,PA,0.0,,"PEO Old Elections Results (1984–2008), candidate table",15,official,
1984,general,1984-12-03,J,St. George North West,1972–present (15 seats),2763,,,2386,0.8636,valid votes,Keith C. Mitchell,NNP,Jimmy J. Lewis,GULP,414,17.35,57.42,2.037,3,safe (15+ pts),yes,GULP,0.0,,"PEO Old Elections Results (1984–2008), candidate table",15,official,
1984,general,1984-12-03,K,St. George South East,1972–present (15 seats),3017,,,2536,0.8406,valid votes,Francis R. Alexis,NNP,Gregory A. Hercules,GULP,1032,40.69,66.01,1.971,3,safe (15+ pts),yes,PA,0.0,,"PEO Old Elections Results (1984–2008), candidate table",15,official,
1984,general,1984-12-03,L,St. George South,1972–present (15 seats),3889,,,3239,0.8329,valid votes,Phinsley St. Louis,NNP,Erleen C. Adams,GULP,732,22.6,58.81,2.086,4,safe (15+ pts),yes,GULP,0.0,,"PEO Old Elections Results (1984–2008), candidate table",15,official,
1984,general,1984-12-03,M,St. John,1972–present (15 seats),4373,,,3699,0.8459,valid votes,Grace M. Duncan,NNP,Edzel V. Thomas,GULP,35,0.95,43.55,2.562,3,marginal (<5 pts),yes,GULP,0.0,,"PEO Old Elections Results (1984–2008), candidate table",15,official,
1984,general,1984-12-03,N,St. Mark,1972–present (15 seats),2085,,,1819,0.8724,valid votes,Felix G. Alexander,NNP,Mitchell G. James,GULP,180,9.9,51.13,2.287,3,competitive (5–15 pts),yes,GULP,0.0,,"PEO Old Elections Results (1984–2008), candidate table",15,official,
1984,general,1984-12-03,P,St. Patrick East,1972–present (15 seats),2121,,,1800,0.8487,valid votes,Tillman Thomas,NNP,Winston E. Frederick,GULP,148,8.22,51.94,2.163,4,competitive (5–15 pts),yes,GULP,0.0,,"PEO Old Elections Results (1984–2008), candidate table",15,official,
1984,general,1984-12-03,R,St. Patrick West,1972–present (15 seats),2924,,,2516,0.8605,valid votes,Kenny Lalsingh,NNP,Abraham O. Raeburn,GULP,533,21.18,57.15,2.17,3,safe (15+ pts),yes,PA,0.0,,"PEO Old Elections Results (1984–2008), candidate table",15,official,
1990,general,1990-03-13,A,Carriacou & Petite Martinique,1972–present (15 seats),2995,2005,,2005,0.6694,ballots cast,Nicholas Brathwaite,NDC,Michael Caesar,TNP,891,44.44,67.13,1.971,5,safe (15+ pts),yes,NNP,97.47,97.47,"Government Gazette No. 15, 16 March 1990 (winners); The Grenada Newsletter, 24 March 1990 (others)",,corroborated,"Winner’s votes: the Supervisor of Elections’ declaration in the Government Gazette (16 March 1990). Other candidates, electors on the roll and votes cast: The Grenada Newsletter, 24 March 1990, which matches the Gazette for all 15 winners. The PEO’s later compilation (Old Elections Results) differs in places and is not used for 1990."
1990,general,1990-03-13,B,St. Andrew South East,1972–present (15 seats),3067,2139,,2139,0.6974,ballots cast,Winifred Strachan,GULP,Pauline Andrew,TNP,157,7.34,37.49,3.47,4,competitive (5–15 pts),yes,NNP,64.45,64.45,"Government Gazette No. 15, 16 March 1990 (winners); The Grenada Newsletter, 24 March 1990 (others)",,corroborated,"Winner’s votes: the Supervisor of Elections’ declaration in the Government Gazette (16 March 1990). Other candidates, electors on the roll and votes cast: The Grenada Newsletter, 24 March 1990, which matches the Gazette for all 15 winners. The PEO’s later compilation (Old Elections Results) differs in places and is not used for 1990."
1990,general,1990-03-13,C,St. Andrew South West,1972–present (15 seats),4441,2950,,2950,0.6643,ballots cast,Ben Jones,TNP,Joseph McGuire,GULP,740,25.08,48.47,2.965,5,safe (15+ pts),yes,NNP,81.36,81.36,"Government Gazette No. 15, 16 March 1990 (winners); The Grenada Newsletter, 24 March 1990 (others)",,corroborated,"Winner’s votes: the Supervisor of Elections’ declaration in the Government Gazette (16 March 1990). Other candidates, electors on the roll and votes cast: The Grenada Newsletter, 24 March 1990, which matches the Gazette for all 15 winners. The PEO’s later compilation (Old Elections Results) differs in places and is not used for 1990."
1990,general,1990-03-13,D,St. Andrew North East,1972–present (15 seats),3515,2317,,2315,0.6592,ballots cast,Lawrence Gibbs,GULP,Marcel Peters,NDC,245,10.58,35.38,3.793,5,competitive (5–15 pts),no,GULP,58.45,58.45,"Government Gazette No. 15, 16 March 1990 (winners); The Grenada Newsletter, 24 March 1990 (others)",,corroborated,"Winner’s votes: the Supervisor of Elections’ declaration in the Government Gazette (16 March 1990). Other candidates, electors on the roll and votes cast: The Grenada Newsletter, 24 March 1990, which matches the Gazette for all 15 winners. The PEO’s later compilation (Old Elections Results) differs in places and is not used for 1990."
1990,general,1990-03-13,E,St. Andrew North West,1972–present (15 seats),3189,2272,,2272,0.7124,ballots cast,Alleyne Walker,TNP,Herbert Fletcher,GULP,14,0.62,32.13,3.528,5,marginal (<5 pts),yes,NNP,82.44,82.44,"Government Gazette No. 15, 16 March 1990 (winners); The Grenada Newsletter, 24 March 1990 (others)",,corroborated,"Winner’s votes: the Supervisor of Elections’ declaration in the Government Gazette (16 March 1990). Other candidates, electors on the roll and votes cast: The Grenada Newsletter, 24 March 1990, which matches the Gazette for all 15 winners. The PEO’s later compilation (Old Elections Results) differs in places and is not used for 1990."
1990,general,1990-03-13,F,St. David,1972–present (15 seats),6379,4491,,4491,0.704,ballots cast,Michael Andrew,NDC,Vincent Clyne,GULP,235,5.23,38.86,3.341,5,competitive (5–15 pts),yes,NNP,73.2,73.2,"Government Gazette No. 15, 16 March 1990 (winners); The Grenada Newsletter, 24 March 1990 (others)",,corroborated,"Winner’s votes: the Supervisor of Elections’ declaration in the Government Gazette (16 March 1990). Other candidates, electors on the roll and votes cast: The Grenada Newsletter, 24 March 1990, which matches the Gazette for all 15 winners. The PEO’s later compilation (Old Elections Results) differs in places and is not used for 1990."
1990,general,1990-03-13,G,Town of St. George,1972–present (15 seats),3674,2300,,2300,0.626,ballots cast,Joan Purcell,NDC,George McGuire,TNP,206,8.96,33.57,3.927,7,competitive (5–15 pts),yes,NNP,68.87,68.87,"Government Gazette No. 15, 16 March 1990 (winners); The Grenada Newsletter, 24 March 1990 (others)",,corroborated,"Winner’s votes: the Supervisor of Elections’ declaration in the Government Gazette (16 March 1990). Other candidates, electors on the roll and votes cast: The Grenada Newsletter, 24 March 1990, which matches the Gazette for all 15 winners. The PEO’s later compilation (Old Elections Results) differs in places and is not used for 1990."
1990,general,1990-03-13,H,St. George North East,1972–present (15 seats),5029,3248,,3248,0.6459,ballots cast,George Brizan,NDC,Gerald Arlin,GULP,1246,38.36,57.05,2.548,6,safe (15+ pts),yes,NNP,77.34,77.34,"Government Gazette No. 15, 16 March 1990 (winners); The Grenada Newsletter, 24 March 1990 (others)",,corroborated,"Winner’s votes: the Supervisor of Elections’ declaration in the Government Gazette (16 March 1990). Other candidates, electors on the roll and votes cast: The Grenada Newsletter, 24 March 1990, which matches the Gazette for all 15 winners. The PEO’s later compilation (Old Elections Results) differs in places and is not used for 1990."
1990,general,1990-03-13,J,St. George North West,1972–present (15 seats),3373,2114,,2114,0.6267,ballots cast,Keith Mitchell,NNP,Jerry Seales,GULP,574,27.15,54.3,2.579,5,safe (15+ pts),no,NNP,19.61,19.61,"Government Gazette No. 15, 16 March 1990 (winners); The Grenada Newsletter, 24 March 1990 (others)",,corroborated,"Winner’s votes: the Supervisor of Elections’ declaration in the Government Gazette (16 March 1990). Other candidates, electors on the roll and votes cast: The Grenada Newsletter, 24 March 1990, which matches the Gazette for all 15 winners. The PEO’s later compilation (Old Elections Results) differs in places and is not used for 1990."
1990,general,1990-03-13,K,St. George South East,1972–present (15 seats),3587,2399,,2399,0.6688,ballots cast,Francis Alexis,NDC,Norman DeSousa,GULP,629,26.22,50.6,2.916,5,safe (15+ pts),yes,NNP,82.08,82.08,"Government Gazette No. 15, 16 March 1990 (winners); The Grenada Newsletter, 24 March 1990 (others)",,corroborated,"Winner’s votes: the Supervisor of Elections’ declaration in the Government Gazette (16 March 1990). Other candidates, electors on the roll and votes cast: The Grenada Newsletter, 24 March 1990, which matches the Gazette for all 15 winners. The PEO’s later compilation (Old Elections Results) differs in places and is not used for 1990."
1990,general,1990-03-13,L,St. George South,1972–present (15 seats),4844,3113,,3113,0.6427,ballots cast,Phinsley St. Louis,NDC,Eric Gairy,GULP,190,6.1,41.05,3.117,4,competitive (5–15 pts),yes,NNP,73.79,73.79,"Government Gazette No. 15, 16 March 1990 (winners); The Grenada Newsletter, 24 March 1990 (others)",,corroborated,"Winner’s votes: the Supervisor of Elections’ declaration in the Government Gazette (16 March 1990). Other candidates, electors on the roll and votes cast: The Grenada Newsletter, 24 March 1990, which matches the Gazette for all 15 winners. The PEO’s later compilation (Old Elections Results) differs in places and is not used for 1990."
1990,general,1990-03-13,M,St. John,1972–present (15 seats),5142,3550,,3550,0.6904,ballots cast,Edzel Thomas,GULP,Grace Duncan,NNP,200,5.63,34.56,3.685,5,competitive (5–15 pts),yes,NNP,46.09,46.09,"Government Gazette No. 15, 16 March 1990 (winners); The Grenada Newsletter, 24 March 1990 (others)",,corroborated,"Winner’s votes: the Supervisor of Elections’ declaration in the Government Gazette (16 March 1990). Other candidates, electors on the roll and votes cast: The Grenada Newsletter, 24 March 1990, which matches the Gazette for all 15 winners. The PEO’s later compilation (Old Elections Results) differs in places and is not used for 1990."
1990,general,1990-03-13,N,St. Mark,1972–present (15 seats),2630,1861,,1861,0.7076,ballots cast,Malcolm Antoine,NNP,Albert Forsythe,GULP,76,4.08,30.31,4.212,5,marginal (<5 pts),no,NNP,43.6,43.6,"Government Gazette No. 15, 16 March 1990 (winners); The Grenada Newsletter, 24 March 1990 (others)",,corroborated,"Winner’s votes: the Supervisor of Elections’ declaration in the Government Gazette (16 March 1990). Other candidates, electors on the roll and votes cast: The Grenada Newsletter, 24 March 1990, which matches the Gazette for all 15 winners. The PEO’s later compilation (Old Elections Results) differs in places and is not used for 1990."
1990,general,1990-03-13,P,St. Patrick East,1972–present (15 seats),2723,1799,,1799,0.6607,ballots cast,Winston Frederick,GULP,Tillman Thomas,NDC,97,5.39,33.74,3.842,5,competitive (5–15 pts),yes,NNP,58.55,58.55,"Government Gazette No. 15, 16 March 1990 (winners); The Grenada Newsletter, 24 March 1990 (others)",,corroborated,"Winner’s votes: the Supervisor of Elections’ declaration in the Government Gazette (16 March 1990). Other candidates, electors on the roll and votes cast: The Grenada Newsletter, 24 March 1990, which matches the Gazette for all 15 winners. The PEO’s later compilation (Old Elections Results) differs in places and is not used for 1990."
1990,general,1990-03-13,R,St. Patrick West,1972–present (15 seats),3708,2340,,2340,0.6311,ballots cast,Kenny Lalsingh,NDC,Wellington Friday,GULP,253,10.81,37.82,3.806,5,competitive (5–15 pts),yes,NNP,71.03,71.03,"Government Gazette No. 15, 16 March 1990 (winners); The Grenada Newsletter, 24 March 1990 (others)",,corroborated,"Winner’s votes: the Supervisor of Elections’ declaration in the Government Gazette (16 March 1990). Other candidates, electors on the roll and votes cast: The Grenada Newsletter, 24 March 1990, which matches the Gazette for all 15 winners. The PEO’s later compilation (Old Elections Results) differs in places and is not used for 1990."
1995,general,1995-06-20,A,Carriacou & Petite Martinique,1972–present (15 seats),3758,,,2263,0.6022,valid votes,Joan Purcell,NDC,Elvin Nimrod,IND,22,0.97,33.8,3.701,6,marginal (<5 pts),no,NDC,83.88,-13.58,"PEO Old Elections Results (1984–2008), candidate table",9,official,
1995,general,1995-06-20,B,St. Andrew South East,1972–present (15 seats),3859,,,2336,0.6053,valid votes,Clarence Rapier,GULP,Wilton Rougier,NNP,154,6.59,35.53,3.541,4,competitive (5–15 pts),no,GULP,45.92,-18.53,"PEO Old Elections Results (1984–2008), candidate table",9,official,
1995,general,1995-06-20,C,St. Andrew South West,1972–present (15 seats),5160,,,3063,0.5936,valid votes,Michael Baptiste,GULP,Lawrence Joseph,NNP,223,7.28,30.53,4.062,5,competitive (5–15 pts),yes,TNP,49.47,-31.89,"PEO Old Elections Results (1984–2008), candidate table",9,conflict,"The Supervisor of Elections’ declaration in the Gazette gives Michael Baptiste 940 votes; the PEO’s later compilation, used here, gives 935."
1995,general,1995-06-20,D,St. Andrew North East,1972–present (15 seats),4298,,,2582,0.6007,valid votes,Oliver Archibald,NNP,Joseph Mc Guire,GULP,24,0.93,32.07,3.676,7,marginal (<5 pts),yes,GULP,43.71,-14.74,"PEO Old Elections Results (1984–2008), candidate table",9,official,
1995,general,1995-06-20,E,St. Andrew North West,1972–present (15 seats),3970,,,2611,0.6577,valid votes,Laurina Waldron,NNP,Selwyn Humphrey,GULP,27,1.03,29.95,3.872,5,marginal (<5 pts),yes,TNP,45.73,-36.71,"PEO Old Elections Results (1984–2008), candidate table",9,official,
1995,general,1995-06-20,F,St. David,1972–present (15 seats),7939,,,5070,0.6386,valid votes,Michael Andrew,NDC,Jerome Romain,GULP,105,2.07,34.44,3.207,6,marginal (<5 pts),no,NDC,53.74,-19.46,"PEO Old Elections Results (1984–2008), candidate table",9,official,
1995,general,1995-06-20,G,Town of St. George,1972–present (15 seats),4358,,,2401,0.5509,valid votes,Dr. Raphael Fletcher,NNP,Kent Joseph,NDC,43,1.79,32.94,3.548,6,marginal (<5 pts),yes,NDC,48.6,-20.26,"PEO Old Elections Results (1984–2008), candidate table",9,conflict,"The Supervisor of Elections’ declaration in the Gazette gives Dr. Raphael Fletcher 855 votes; the PEO’s later compilation, used here, gives 791."
1995,general,1995-06-20,H,St. George North East,1972–present (15 seats),6283,,,3704,0.5895,valid votes,George Brizan,NDC,Dr. Roger Radix,NNP,970,26.19,50.94,2.753,6,safe (15+ pts),no,NDC,67.3,-10.04,"PEO Old Elections Results (1984–2008), candidate table",9,official,
1995,general,1995-06-20,J,St. George North West,1972–present (15 seats),4144,,,2659,0.6417,valid votes,Dr. Keith Mitchell,NNP,Bauxton Francois,GULP,1346,50.62,69.58,1.879,4,safe (15+ pts),no,NNP,13.63,-5.98,"PEO Old Elections Results (1984–2008), candidate table",9,official,
1995,general,1995-06-20,K,St. George South East,1972–present (15 seats),4440,,,2684,0.6045,valid votes,Dr. Francis Alexis,NDC,Gregory Bowen,NNP,422,15.72,44.56,2.965,5,safe (15+ pts),no,NDC,60.71,-21.37,"PEO Old Elections Results (1984–2008), candidate table",9,official,
1995,general,1995-06-20,L,St. George South,1972–present (15 seats),6401,,,3741,0.5844,valid votes,Mark Isaac,NNP,Sir Eric Gairy,GULP,154,4.12,36.06,3.16,6,marginal (<5 pts),yes,NDC,44.55,-29.23,"PEO Old Elections Results (1984–2008), candidate table",9,conflict,"The Supervisor of Elections’ declaration in the Gazette gives Mark Isaac 1,350 votes; the PEO’s later compilation, used here, gives 1,349."
1995,general,1995-06-20,M,St. John,1972–present (15 seats),6021,,,3865,0.6419,valid votes,Grace Duncan,NNP,Herbert Preudhomme,GULP,688,17.8,44.5,3.034,5,safe (15+ pts),yes,GULP,35.22,-10.87,"PEO Old Elections Results (1984–2008), candidate table",9,official,
1995,general,1995-06-20,N,St. Mark,1972–present (15 seats),3122,,,1987,0.6365,valid votes,William Dewsbury,NNP,Henry De Allie,NDC,142,7.15,31.25,4.457,7,competitive (5–15 pts),no,NNP,43.55,-0.05,"PEO Old Elections Results (1984–2008), candidate table",9,official,
1995,general,1995-06-20,P,St. Patrick East,1972–present (15 seats),3260,,,2037,0.6248,valid votes,Adrian Mitchell,NNP,Crawford Best,GULP,41,2.01,33.68,3.3,6,marginal (<5 pts),yes,GULP,46.82,-11.73,"PEO Old Elections Results (1984–2008), candidate table",9,official,
1995,general,1995-06-20,R,St. Patrick West,1972–present (15 seats),4400,,,2716,0.6173,valid votes,Kenny Lalsingh,NDC,Lennox Jerome,NNP,265,9.76,39.14,3.236,4,competitive (5–15 pts),no,NDC,57.12,-13.91,"PEO Old Elections Results (1984–2008), candidate table",9,official,
1999,general,1999-01-18,A,Carriacou & Petite Martinique,1972–present (15 seats),3950,,,2319,0.5871,valid votes,Elvin Nimrod,NNP,Joan Purcell,NDC,261,11.25,55.28,2.002,3,competitive (5–15 pts),yes,NDC,44.33,-39.55,"PEO Old Elections Results (1984–2008), candidate table",6,official,
1999,general,1999-01-18,B,St. Andrew South East,1972–present (15 seats),3951,,,2241,0.5672,valid votes,Cuthbert B. Mc Queen,NNP,Clarence Rapier,GULP,973,43.42,63.36,2.132,3,safe (15+ pts),yes,GULP,20.85,-25.07,"PEO Old Elections Results (1984–2008), candidate table",6,official,
1999,general,1999-01-18,C,St. Andrew South West,1972–present (15 seats),5317,,,2846,0.5353,valid votes,Michael Baptiste,NNP,Osbert Charles,NDC,1194,41.95,67.81,1.884,3,safe (15+ pts),yes,GULP,27.61,-21.86,"PEO Old Elections Results (1984–2008), candidate table",6,official,
1999,general,1999-01-18,D,St. Andrew North East,1972–present (15 seats),4485,,,2515,0.5608,valid votes,Oliver Archibald,NNP,Livingston Nelson,NDC,648,25.77,59.36,2.133,4,safe (15+ pts),no,NNP,36.14,-7.57,"PEO Old Elections Results (1984–2008), candidate table",6,official,
1999,general,1999-01-18,E,St. Andrew North West,1972–present (15 seats),4175,,,2593,0.6211,valid votes,Laurina A. Waldron,NNP,Alleyne Walker,NDC,634,24.45,59.43,2.089,3,safe (15+ pts),no,NNP,37.05,-8.68,"PEO Old Elections Results (1984–2008), candidate table",6,official,
1999,general,1999-01-18,F,St. David,1972–present (15 seats),8034,,,4740,0.59,valid votes,Joslyn Whiteman,NNP,Michael Andrew,NDC,1080,22.78,61.39,1.901,2,safe (15+ pts),yes,NDC,38.61,-15.13,"PEO Old Elections Results (1984–2008), candidate table",6,official,
1999,general,1999-01-18,G,Town of St. George,1972–present (15 seats),4383,,,2221,0.5067,valid votes,Brenda Hood,NNP,Kent Joseph,NDC,541,24.36,61.41,1.943,4,safe (15+ pts),no,NNP,37.63,-10.97,"PEO Old Elections Results (1984–2008), candidate table",6,official,
1999,general,1999-01-18,H,St. George North East,1972–present (15 seats),6524,,,3546,0.5435,valid votes,Augustine John,NNP,George Brizan,NDC,486,13.71,56.29,2.007,3,competitive (5–15 pts),yes,NDC,43.07,-24.23,"PEO Old Elections Results (1984–2008), candidate table",6,official,
1999,general,1999-01-18,J,St. George North West,1972–present (15 seats),4284,,,2506,0.585,valid votes,Keith C. Mitchell,NNP,Ingrid Jackson,NDC,2097,83.68,90.18,1.222,4,safe (15+ pts),no,NNP,6.73,-6.9,"PEO Old Elections Results (1984–2008), candidate table",6,official,
1999,general,1999-01-18,K,St. George South East,1972–present (15 seats),4612,,,2719,0.5895,valid votes,Gregory Bowen,NNP,Francis Alexis,GULP,601,22.1,60.46,1.95,4,safe (15+ pts),yes,NDC,0.0,-60.71,"PEO Old Elections Results (1984–2008), candidate table",6,official,
1999,general,1999-01-18,L,St. George South,1972–present (15 seats),6690,,,3376,0.5046,valid votes,Mark Isaac,NNP,Raphael O.W. Fletcher,GULP,1450,42.95,70.59,1.74,4,safe (15+ pts),no,NNP,0.0,-44.55,"PEO Old Elections Results (1984–2008), candidate table",6,official,
1999,general,1999-01-18,M,St. John,1972–present (15 seats),6130,,,3374,0.5504,valid votes,Claris Charles,NNP,Grace Duncan,GULP,74,2.19,49.64,2.117,4,marginal (<5 pts),no,NNP,0.0,-35.22,"PEO Old Elections Results (1984–2008), candidate table",6,official,
1999,general,1999-01-18,N,St. Mark,1972–present (15 seats),3197,,,1952,0.6106,valid votes,Clarice Modeste,NNP,Henry De Allie,NDC,570,29.2,64.6,1.843,2,safe (15+ pts),no,NNP,35.4,-8.15,"PEO Old Elections Results (1984–2008), candidate table",6,official,
1999,general,1999-01-18,P,St. Patrick East,1972–present (15 seats),3378,,,1861,0.5509,valid votes,Adrian Mitchell,NNP,Tillman Thomas,NDC,679,36.49,60.88,2.213,3,safe (15+ pts),no,NNP,28.61,-18.21,"PEO Old Elections Results (1984–2008), candidate table",6,official,
1999,general,1999-01-18,R,St. Patrick West,1972–present (15 seats),4563,,,2647,0.5801,valid votes,Anthony Boatswain,NNP,Kenny Lalsingh,NDC,563,21.27,60.63,1.913,2,safe (15+ pts),yes,NDC,39.37,-17.75,"PEO Old Elections Results (1984–2008), candidate table",6,official,
2003,general,2003-11-27,A,Carriacou & Petite Martinique,1972–present (15 seats),4380,,,2860,0.653,valid votes,Elvin G. Nimrod,NNP,George W. Prime,NDC,7,0.24,50.03,2.007,3,marginal (<5 pts),no,NNP,49.88,5.54,"PEO Old Elections Results (1984–2008), candidate table",4,official,
2003,general,2003-11-27,B,St. Andrew South East,1972–present (15 seats),4435,,,2598,0.5858,valid votes,Kenrick Fullerton,NDC,Cuthbert Mc Queen,NNP,169,6.51,50.54,2.212,4,competitive (5–15 pts),yes,NNP,53.44,32.59,"PEO Old Elections Results (1984–2008), candidate table",4,official,
2003,general,2003-11-27,C,St. Andrew South West,1972–present (15 seats),5841,,,3255,0.5573,valid votes,Yolande Bain-Joseph,NNP,Osbert Charles,NDC,48,1.47,38.43,2.911,4,marginal (<5 pts),no,NNP,49.02,21.42,"PEO Old Elections Results (1984–2008), candidate table",4,official,
2003,general,2003-11-27,D,St. Andrew North East,1972–present (15 seats),5079,,,2766,0.5446,valid votes,Roland Bhola,NNP,Ingrid Rush,NDC,174,6.29,49.53,2.301,5,competitive (5–15 pts),no,NNP,46.61,10.47,"PEO Old Elections Results (1984–2008), candidate table",4,official,
2003,general,2003-11-27,E,St. Andrew North West,1972–present (15 seats),4546,,,2752,0.6054,valid votes,Alleyne Walker,NDC,Laurina A. Waldron,NNP,517,18.79,58.1,2.03,4,safe (15+ pts),yes,NNP,59.64,22.59,"PEO Old Elections Results (1984–2008), candidate table",4,official,"The winners’ summary on an earlier page of the same PEO document gives Alleyne Walker 1,600 votes; the candidate table, used here, gives 1,599."
2003,general,2003-11-27,F,St. David,1972–present (15 seats),8946,,,5397,0.6033,valid votes,Michael Lett,NDC,Joslyn Whiteman,NNP,484,8.97,52.42,2.151,4,competitive (5–15 pts),yes,NNP,54.68,16.07,"PEO Old Elections Results (1984–2008), candidate table",4,official,"The winners’ summary on an earlier page of the same PEO document gives Michael Lett 2,892 votes; the candidate table, used here, gives 2,829."
2003,general,2003-11-27,G,Town of St. George,1972–present (15 seats),4768,,,2492,0.5227,valid votes,Peter David,NDC,Brenda Hood,NNP,142,5.7,51.36,2.115,4,competitive (5–15 pts),yes,NNP,52.94,15.3,"PEO Old Elections Results (1984–2008), candidate table",4,official,
2003,general,2003-11-27,H,St. George North East,1972–present (15 seats),7207,,,3938,0.5464,valid votes,V. Nazim Burke,NDC,Augustine John,NNP,689,17.5,56.73,2.098,5,safe (15+ pts),yes,NNP,59.12,16.05,"PEO Old Elections Results (1984–2008), candidate table",4,official,
2003,general,2003-11-27,J,St. George North West,1972–present (15 seats),4793,,,2777,0.5794,valid votes,Keith C. Mitchell,NNP,Joan M. Purcell,NDC,1861,67.01,82.64,1.413,4,safe (15+ pts),no,NNP,15.9,9.18,"PEO Old Elections Results (1984–2008), candidate table",4,official,
2003,general,2003-11-27,K,St. George South East,1972–present (15 seats),5251,,,3030,0.577,valid votes,Gregory Bowen,NNP,David Lambert,NDC,501,16.53,48.15,2.744,4,safe (15+ pts),no,NNP,39.64,39.64,"PEO Old Elections Results (1984–2008), candidate table",4,official,
2003,general,2003-11-27,L,St. George South,1972–present (15 seats),7966,,,3236,0.4062,valid votes,Glynis Roberts,NDC,Ann-David Antoine,NNP,1298,40.11,64.68,2.053,6,safe (15+ pts),yes,NNP,72.47,72.47,"PEO Old Elections Results (1984–2008), candidate table",4,official,
2003,general,2003-11-27,M,St. John,1972–present (15 seats),6513,,,3784,0.581,valid votes,Claris Charles,NNP,Michael Church,NDC,59,1.56,49.02,2.143,4,marginal (<5 pts),no,NNP,49.19,49.19,"PEO Old Elections Results (1984–2008), candidate table",4,official,
2003,general,2003-11-27,N,St. Mark,1972–present (15 seats),3558,,,2138,0.6009,valid votes,Clarice Modeste-Curwen,NNP,Osborne James,NDC,760,35.55,66.37,1.866,4,safe (15+ pts),no,NNP,31.71,-3.69,"PEO Old Elections Results (1984–2008), candidate table",4,official,
2003,general,2003-11-27,P,St. Patrick East,1972–present (15 seats),3896,,,2310,0.5929,valid votes,Tillman Thomas,NDC,Adrian Mitchell,NNP,45,1.95,48.18,2.23,4,marginal (<5 pts),yes,NNP,51.03,22.42,"PEO Old Elections Results (1984–2008), candidate table",4,official,
2003,general,2003-11-27,R,St. Patrick West,1972–present (15 seats),5099,,,2906,0.5699,valid votes,Anthony Boatswain,NNP,Joseph Gilbert,NDC,55,1.89,47.11,2.33,5,marginal (<5 pts),no,NNP,48.98,9.61,"PEO Old Elections Results (1984–2008), candidate table",4,official,
2008,general,2008-07-08,A,Carriacou & Petite Martinique,1972–present (15 seats),4420,,,3614,0.8176,valid votes,Elvin G. Nimrod,NNP,George W. Prime,NDC,282,7.8,53.9,1.988,2,competitive (5–15 pts),no,NNP,46.1,-3.78,"PEO Old Elections Results (1984–2008), candidate table",1,official,
2008,general,2008-07-08,B,St. Andrew South East,1972–present (15 seats),4170,,,3258,0.7813,valid votes,Patrick Simmons,NDC,Emmalin Pierre,NNP,30,0.92,50.25,2.017,3,marginal (<5 pts),no,NDC,50.46,-2.98,"PEO Old Elections Results (1984–2008), candidate table",1,official,
2008,general,2008-07-08,C,St. Andrew South West,1972–present (15 seats),4897,,,3892,0.7948,valid votes,Sylvester Quarless,NDC,Yolande Bain-Horsford,NNP,378,9.71,54.86,1.981,2,competitive (5–15 pts),yes,NNP,54.86,5.83,"PEO Old Elections Results (1984–2008), candidate table",1,official,"The winners’ summary on an earlier page of the same PEO document gives Sylvester Quarless 2,137 votes; the candidate table, used here, gives 2,135."
2008,general,2008-07-08,D,St. Andrew North East,1972–present (15 seats),4381,,,3546,0.8094,valid votes,Roland Bhola,NNP,Ingrid Rush,NDC,35,0.99,50.06,2.035,4,marginal (<5 pts),no,NNP,49.5,2.89,"PEO Old Elections Results (1984–2008), candidate table",1,official,"The winners’ summary on an earlier page of the same PEO document gives Roland Bhola 1,774 votes; the candidate table, used here, gives 1,775."
2008,general,2008-07-08,E,St. Andrew North West,1972–present (15 seats),3974,,,3282,0.8259,valid votes,Alleyne Walker,NDC,Delma Thomas,NNP,287,8.74,54.08,2.008,3,competitive (5–15 pts),no,NDC,54.4,-5.24,"PEO Old Elections Results (1984–2008), candidate table",1,official,
2008,general,2008-07-08,F,St. David,1972–present (15 seats),7648,,,6101,0.7977,valid votes,Michael D. Lett,NDC,Devon Rachae,NNP,793,13.0,56.14,1.995,3,competitive (5–15 pts),no,NDC,56.55,1.87,"PEO Old Elections Results (1984–2008), candidate table",1,official,
2008,general,2008-07-08,G,Town of St. George,1972–present (15 seats),3441,,,2601,0.7559,valid votes,Peter C. David,NDC,Brenda Hood,NNP,297,11.42,55.56,1.986,3,competitive (5–15 pts),no,NDC,55.73,2.79,"PEO Old Elections Results (1984–2008), candidate table",1,official,
2008,general,2008-07-08,H,St. George North East,1972–present (15 seats),6143,,,4766,0.7758,valid votes,Nazim V. Burke,NDC,Kennedy Roberts,NNP,1160,24.34,61.92,1.906,3,safe (15+ pts),no,NDC,62.23,3.11,"PEO Old Elections Results (1984–2008), candidate table",1,official,
2008,general,2008-07-08,J,St. George North West,1972–present (15 seats),3916,,,3007,0.7679,valid votes,Keith C. Mitchell,NNP,Ingrid Jackson,NDC,1854,61.66,80.55,1.461,3,safe (15+ pts),no,NNP,19.0,3.09,"PEO Old Elections Results (1984–2008), candidate table",1,official,
2008,general,2008-07-08,K,St. George South East,1972–present (15 seats),4531,,,3615,0.7978,valid votes,Ignatiaus K. Hood,NDC,Gregory Bowen,NNP,264,7.3,52.64,2.07,3,competitive (5–15 pts),yes,NNP,53.73,14.09,"PEO Old Elections Results (1984–2008), candidate table",1,official,
2008,general,2008-07-08,L,St. George South,1972–present (15 seats),7943,,,5908,0.7438,valid votes,Glynis Roberts,NDC,Ann-David Antoine,NNP,752,12.73,55.31,2.05,4,competitive (5–15 pts),no,NDC,56.5,-15.97,"PEO Old Elections Results (1984–2008), candidate table",1,official,
2008,general,2008-07-08,M,St. John,1972–present (15 seats),5537,,,4416,0.7975,valid votes,Michael A. Church,NDC,Fitzroy Bedeau,NNP,288,6.52,52.29,2.07,4,competitive (5–15 pts),yes,NNP,53.33,4.13,"PEO Old Elections Results (1984–2008), candidate table",1,official,
2008,general,2008-07-08,N,St. Mark,1972–present (15 seats),3180,,,2503,0.7871,valid votes,Clarice Modeste-Curwen,NNP,Osborne James,NDC,660,26.37,62.68,1.905,3,safe (15+ pts),no,NNP,36.68,4.97,"PEO Old Elections Results (1984–2008), candidate table",1,official,
2008,general,2008-07-08,P,St. Patrick East,1972–present (15 seats),3492,,,2790,0.799,valid votes,Tillman Thomas,NDC,Carl Caton,NNP,104,3.73,51.4,2.035,3,marginal (<5 pts),no,NDC,51.88,0.85,"PEO Old Elections Results (1984–2008), candidate table",1,official,
2008,general,2008-07-08,R,St. Patrick West,1972–present (15 seats),4078,,,3378,0.8283,valid votes,Joseph Gilbert,NDC,Anthony Boatswain,NNP,288,8.53,54.26,1.986,2,competitive (5–15 pts),yes,NNP,54.26,5.29,"PEO Old Elections Results (1984–2008), candidate table",1,official,"The winners’ summary on an earlier page of the same PEO document gives Joseph Gilbert 1,1833 votes; the candidate table, used here, gives 1,833."
2013,general,2013-02-19,A,Carriacou & Petite Martinique,1972–present (15 seats),3840,3335,10,3325,0.8685,ballots cast,Elvin G. Nimrod,NNP,Randolph H. Fleary,NDC,628,18.89,59.22,1.948,3,safe (15+ pts),no,NNP,40.51,-5.58,"PEO Final Report, Elections 2013",7,official,
2013,general,2013-02-19,B,St. Andrew South East,1972–present (15 seats),3617,3308,11,3297,0.9146,ballots cast,Emmalin Pierre,NNP,Patrick Simmons,NDC,787,23.87,61.94,1.892,2,safe (15+ pts),yes,NDC,38.06,-12.4,"PEO Final Report, Elections 2013",8,official,
2013,general,2013-02-19,C,St. Andrew South West,1972–present (15 seats),3983,3492,22,3470,0.8767,ballots cast,Yolande Bain-Horsford,NNP,Sylvester Quarless,NDC,322,9.28,54.64,1.983,2,competitive (5–15 pts),yes,NDC,45.36,-9.5,"PEO Final Report, Elections 2013",9,official,
2013,general,2013-02-19,D,St. Andrew North East,1972–present (15 seats),4109,3685,11,3674,0.8968,ballots cast,Roland Bhola,NNP,Terry Hillaire,NDC,433,11.79,55.82,1.978,3,competitive (5–15 pts),no,NNP,44.1,-5.4,"PEO Final Report, Elections 2013",10,official,
2013,general,2013-02-19,E,St. Andrew North West,1972–present (15 seats),3569,3255,15,3240,0.912,ballots cast,Delma Thomas,NNP,Alleyne Walker,NDC,340,10.49,55.25,1.978,2,competitive (5–15 pts),yes,NDC,44.75,-9.64,"PEO Final Report, Elections 2013",11,official,
2013,general,2013-02-19,F,St. David,1972–present (15 seats),6346,5684,17,5667,0.8957,ballots cast,Oliver Thomas Joseph,NNP,Adrian Augustine Thomas,NDC,681,12.02,55.9,1.98,3,competitive (5–15 pts),yes,NDC,43.98,-12.57,"PEO Final Report, Elections 2013",12,official,
2013,general,2013-02-19,G,Town of St. George,1972–present (15 seats),2635,2286,11,2275,0.8676,ballots cast,Nickolas Steele,NNP,Franka E. R. Alexis-Bernadine,NDC,481,21.14,60.53,1.918,3,safe (15+ pts),yes,NDC,39.42,-16.31,"PEO Final Report, Elections 2013",13,official,
2013,general,2013-02-19,H,St. George North East,1972–present (15 seats),5386,4730,22,4708,0.8782,ballots cast,Tobias Clement,NNP,Nazim V. Burke,NDC,156,3.31,51.47,2.013,5,marginal (<5 pts),yes,NDC,48.34,-13.89,"PEO Final Report, Elections 2013",14,official,
2013,general,2013-02-19,J,St. George North West,1972–present (15 seats),3416,3025,9,3016,0.8855,ballots cast,Keith Claudius Mitchell,NNP,Ali Anthony Brian Dowden,NDC,2354,78.05,88.76,1.251,4,safe (15+ pts),no,NNP,10.77,-8.23,"PEO Final Report, Elections 2013",15,official,
2013,general,2013-02-19,K,St. George South East,1972–present (15 seats),4168,3669,8,3661,0.8803,ballots cast,Clarence Gregory Bowen,NNP,Randal Montgomery Robinson,NDC,594,16.23,57.39,2.004,4,safe (15+ pts),yes,NDC,41.77,-11.96,"PEO Final Report, Elections 2013",16,official,
2013,general,2013-02-19,L,St. George South,1972–present (15 seats),7097,6071,15,6056,0.8554,ballots cast,Alexandra Otway-noel,NNP,Bernadette Merle Byer,NDC,1220,20.15,59.07,1.997,3,safe (15+ pts),yes,NDC,39.72,-16.78,"PEO Final Report, Elections 2013",17,official,
2013,general,2013-02-19,M,St. John,1972–present (15 seats),4584,4044,21,4023,0.8822,ballots cast,Alvin Martin Da Breo,NNP,George A. Vincent,NDC,524,13.03,56.43,1.973,3,competitive (5–15 pts),yes,NDC,43.48,-9.85,"PEO Final Report, Elections 2013",18,official,
2013,general,2013-02-19,N,St. Mark,1972–present (15 seats),2830,2515,10,2505,0.8887,ballots cast,Clarice Modeste-Curwen,NNP,Denneth Mathew Modeste,NDC,935,37.33,68.66,1.755,2,safe (15+ pts),no,NNP,31.34,-5.35,"PEO Final Report, Elections 2013",19,official,
2013,general,2013-02-19,P,St. Patrick East,1972–present (15 seats),3011,2722,15,2707,0.904,ballots cast,Clifton David Paul,NNP,Tillman Joseph Thomas,NDC,128,4.73,51.9,2.033,4,marginal (<5 pts),yes,NDC,47.61,-4.27,"PEO Final Report, Elections 2013",20,official,
2013,general,2013-02-19,R,St. Patrick West,1972–present (15 seats),3564,3237,4,3233,0.9082,ballots cast,Anthony Boatswain,NNP,Joseph Andall,NDC,245,7.58,53.79,1.989,2,competitive (5–15 pts),yes,NDC,46.21,-8.05,"PEO Final Report, Elections 2013",21,official,
2018,general,2018-03-13,A,Carriacou & Petite Martinique,1972–present (15 seats),4882,3488,15,3473,0.7145,ballots cast,Kindra Mathurine-Stewart,NNP,Tevin Camilloh Andrews,NDC,170,4.89,52.23,2.012,3,marginal (<5 pts),no,NNP,47.54,7.03,PEO General Election Report 2018,10,official,
2018,general,2018-03-13,B,St. Andrew South East,1972–present (15 seats),4534,3448,22,3426,0.7605,ballots cast,Emmalin Pierre,NNP,Patrick Simmons,NDC,1158,33.8,66.9,1.795,2,safe (15+ pts),no,NNP,33.1,-4.97,PEO General Election Report 2018,16,official,
2018,general,2018-03-13,C,St. Andrew South West,1972–present (15 seats),4818,3555,14,3541,0.7379,ballots cast,Yolande Bain-Horsford,NNP,Sylvester Quarless,NDC,449,12.68,55.86,2.006,3,competitive (5–15 pts),no,NNP,43.6,-1.76,PEO General Election Report 2018,21,official,
2018,general,2018-03-13,D,St. Andrew North East,1972–present (15 seats),4946,3991,15,3976,0.8069,ballots cast,Kate Skeeter Lewis,NNP,Terry Glenroy Hillaire,NDC,626,15.74,57.87,1.952,2,safe (15+ pts),no,NNP,42.13,-1.97,PEO General Election Report 2018,27,official,
2018,general,2018-03-13,E,St. Andrew North West,1972–present (15 seats),4437,3531,9,3522,0.7958,ballots cast,Delma Thomas,NNP,Phillip Reginald Alexander,NDC,502,14.25,57.13,1.96,2,competitive (5–15 pts),no,NNP,42.87,-1.88,PEO General Election Report 2018,32,official,
2018,general,2018-03-13,F,St. David,1972–present (15 seats),8442,6240,20,6220,0.7392,ballots cast,Oliver Thomas Joseph,NNP,Adrian Augustine Thomas,NDC,387,6.22,52.77,2.02,4,competitive (5–15 pts),no,NNP,46.87,2.89,PEO General Election Report 2018,37,official,
2018,general,2018-03-13,G,Town of St. George,1972–present (15 seats),3415,2462,9,2453,0.7209,ballots cast,Peter David,NNP,Claudette Joseph,NDC,826,33.67,65.84,1.861,3,safe (15+ pts),no,NNP,32.82,-6.6,PEO General Election Report 2018,45,official,
2018,general,2018-03-13,H,St. George North East,1972–present (15 seats),7029,5183,20,5163,0.7374,ballots cast,Tobias Clement,NNP,Nazim V. Burke,NDC,127,2.46,50.77,2.036,5,marginal (<5 pts),no,NNP,48.76,0.42,PEO General Election Report 2018,49,official,
2018,general,2018-03-13,J,St. George North West,1972–present (15 seats),4171,2986,13,2973,0.7159,ballots cast,Keith Claudius Mitchell,NNP,Ali Anthony Brian Dowden,NDC,2139,71.95,85.81,1.324,3,safe (15+ pts),no,NNP,13.9,3.14,PEO General Election Report 2018,56,official,
2018,general,2018-03-13,K,St. George South East,1972–present (15 seats),4950,3566,16,3550,0.7204,ballots cast,Clarence Gregory Bowen,NNP,Franka E.R. Alexis-Bernadine,NDC,673,18.96,59.24,1.949,5,safe (15+ pts),no,NNP,40.48,-1.29,PEO General Election Report 2018,61,official,
2018,general,2018-03-13,L,St. George South,1972–present (15 seats),9464,6334,27,6307,0.6693,ballots cast,Nickolas Tang Conway Steele,NNP,Philip Raymond Roberts,NDC,858,13.6,56.06,2.021,4,competitive (5–15 pts),no,NNP,43.1,3.38,PEO General Election Report 2018,66,official,
2018,general,2018-03-13,M,St. John,1972–present (15 seats),5896,4311,36,4275,0.7312,ballots cast,Alvin Martin Da Breo,NNP,George Anthony Edward Vincent,NDC,769,17.99,58.99,1.937,2,safe (15+ pts),no,NNP,41.01,-2.47,PEO General Election Report 2018,74,official,
2018,general,2018-03-13,N,St. Mark,1972–present (15 seats),3382,2368,11,2357,0.7002,ballots cast,Clarice Modeste-Curwen,NNP,Jerome Augustine Thomas,NDC,1029,43.66,71.83,1.68,2,safe (15+ pts),no,NNP,28.17,-3.17,PEO General Election Report 2018,80,official,
2018,general,2018-03-13,P,St. Patrick East,1972–present (15 seats),3609,2806,10,2796,0.7775,ballots cast,Pamela Moses,NNP,Cecilia Ann John,NDC,382,13.66,56.58,1.983,3,competitive (5–15 pts),no,NNP,43.13,-4.48,PEO General Election Report 2018,84,official,
2018,general,2018-03-13,R,St. Patrick West,1972–present (15 seats),4320,3346,14,3332,0.7745,ballots cast,Anthony Boatswain,NNP,Joseph Andall,NDC,448,13.45,56.72,1.964,2,competitive (5–15 pts),no,NNP,43.28,-2.93,PEO General Election Report 2018,88,official,
2022,general,2022-06-23,A,Carriacou & Petite Martinique,1972–present (15 seats),5448,3780,18,3762,0.6938,ballots cast,Tevin Camilloh Andrews,NDC,Kindra Mathurine-Stewart,NNP,150,3.99,51.99,1.997,2,marginal (<5 pts),yes,NNP,51.99,4.45,PEO General Election Report 2022,17,official,
2022,general,2022-06-23,B,St. Andrew South East,1972–present (15 seats),4928,3573,20,3553,0.725,ballots cast,Emmalin Pierre,NNP,David Andrew,NDC,233,6.56,53.28,1.991,2,competitive (5–15 pts),no,NNP,46.72,13.62,PEO General Election Report 2022,22,official,
2022,general,2022-06-23,C,St. Andrew South West,1972–present (15 seats),5404,3855,22,3833,0.7134,ballots cast,Lennox John Andrews,NDC,Yolande Bain-Horsford,NNP,425,11.09,55.54,1.976,2,competitive (5–15 pts),yes,NNP,55.54,11.95,PEO General Election Report 2022,27,official,
2022,general,2022-06-23,D,St. Andrew North East,1972–present (15 seats),5464,4071,7,4064,0.7451,ballots cast,Kate Lewis-Peters,NNP,Tessa St.Cyr,NDC,326,8.02,53.89,1.997,3,competitive (5–15 pts),no,NNP,45.98,3.85,PEO General Election Report 2022,33,official,
2022,general,2022-06-23,E,St. Andrew North West,1972–present (15 seats),4877,3680,15,3665,0.7546,ballots cast,Delma Thomas,NNP,Gloria Ann Thomas,NDC,131,3.57,51.79,1.997,2,marginal (<5 pts),no,NNP,48.21,5.34,PEO General Election Report 2022,38,official,
2022,general,2022-06-23,F,St. David,1972–present (15 seats),9984,7189,15,7174,0.7201,ballots cast,Dickon Amiss Thomas Mitchell,NDC,Oliver Thomas Joseph,NNP,1672,23.31,61.53,1.906,3,safe (15+ pts),yes,NNP,61.68,14.82,PEO General Election Report 2022,43,official,
2022,general,2022-06-23,G,Town of St. George,1972–present (15 seats),3810,2462,15,2447,0.6462,ballots cast,Peter David,NNP,Claudette Joseph,NDC,211,8.62,54.31,1.985,2,competitive (5–15 pts),no,NNP,45.69,12.87,PEO General Election Report 2022,51,official,
2022,general,2022-06-23,H,St. George North East,1972–present (15 seats),7804,5390,18,5372,0.6907,ballots cast,Ron Livingston Redhead,NDC,Nimrod Oliver Ollivierre,NNP,1087,20.23,59.98,1.932,3,safe (15+ pts),yes,NNP,60.15,11.39,PEO General Election Report 2022,55,official,
2022,general,2022-06-23,J,St. George North West,1972–present (15 seats),4573,2995,11,2984,0.6549,ballots cast,Keith Claudius Mitchell,NNP,Gayton Jonathan La Crette,NDC,1438,48.19,74.1,1.623,2,safe (15+ pts),no,NNP,25.9,12.0,PEO General Election Report 2022,62,official,
2022,general,2022-06-23,K,St. George South East,1972–present (15 seats),5450,3800,8,3792,0.6972,ballots cast,Philip Alfred Telesford,NDC,Clarence Gregory Bowen,NNP,488,12.87,55.96,2.004,4,competitive (5–15 pts),yes,NNP,56.5,16.02,PEO General Election Report 2022,67,official,
2022,general,2022-06-23,L,St. George South,1972–present (15 seats),10983,7018,17,7001,0.639,ballots cast,Andy Joseph Williams,NDC,Norland Sebastian Cox,NNP,1069,15.27,57.55,1.961,3,safe (15+ pts),yes,NNP,57.65,14.55,PEO General Election Report 2022,73,official,
2022,general,2022-06-23,M,St. John,1972–present (15 seats),6466,4463,20,4443,0.6902,ballots cast,Kerryne Zennelle James,NDC,Alvin Martin Da Breo,NNP,6,0.14,49.83,2.019,3,marginal (<5 pts),yes,NNP,50.07,9.06,PEO General Election Report 2022,82,official,
2022,general,2022-06-23,N,St. Mark,1972–present (15 seats),3735,2498,15,2483,0.6688,ballots cast,Clarice Modeste-Curwen,NNP,Quinc Sudon Britton,NDC,475,19.13,59.2,1.956,3,safe (15+ pts),no,NNP,40.37,12.19,PEO General Election Report 2022,88,official,
2022,general,2022-06-23,P,St. Patrick East,1972–present (15 seats),3967,2791,8,2783,0.7036,ballots cast,Dennis Sylvester Cornwall,NDC,Pamela Moses,NNP,121,4.35,51.85,2.022,3,marginal (<5 pts),yes,NNP,52.19,9.05,PEO General Election Report 2022,92,official,
2022,general,2022-06-23,R,St. Patrick West,1972–present (15 seats),4673,3288,9,3279,0.7036,ballots cast,Joseph Andall,NDC,Victor Dennis Phillip,NNP,268,8.17,52.64,2.103,4,competitive (5–15 pts),yes,NNP,54.21,10.93,PEO General Election Report 2022,96,official,
2016r,referendum,2016-11-24,A,Carriacou & Petite Martinique,1972–present (15 seats),4421,1336,1301,8032,0.3022,persons voted,No,NO,Yes,,2010,25.02,62.51,,2,,,,,,PEO referendum certificates 2016,,official,Yes/No summed over seven bills
2016r,referendum,2016-11-24,B,St. Andrew South East,1972–present (15 seats),4040,1316,586,8609,0.3257,persons voted,No,NO,Yes,,2717,31.56,65.78,,2,,,,,,PEO referendum certificates 2016,,official,Yes/No summed over seven bills
2016r,referendum,2016-11-24,C,St. Andrew South West,1972–present (15 seats),4326,1534,658,10068,0.3546,persons voted,No,NO,Yes,,3920,38.94,69.47,,2,,,,,,PEO referendum certificates 2016,,official,Yes/No summed over seven bills
2016r,referendum,2016-11-24,D,St. Andrew North East,1972–present (15 seats),4400,1364,514,9026,0.31,persons voted,No,NO,Yes,,3484,38.6,69.3,,2,,,,,,PEO referendum certificates 2016,,official,Yes/No summed over seven bills
2016r,referendum,2016-11-24,E,St. Andrew North West,1972–present (15 seats),4004,1523,895,9765,0.3804,persons voted,No,NO,Yes,,4133,42.32,71.16,,2,,,,,,PEO referendum certificates 2016,,official,Yes/No summed over seven bills
2016r,referendum,2016-11-24,F,St. David,1972–present (15 seats),7449,2393,1101,15636,0.3213,persons voted,No,NO,Yes,,6308,40.34,70.17,,2,,,,,,PEO referendum certificates 2016,,official,Yes/No summed over seven bills
2016r,referendum,2016-11-24,G,Town of St. George,1972–present (15 seats),3022,949,316,6325,0.314,persons voted,No,NO,Yes,,1455,23.0,61.5,,2,,,,,,PEO referendum certificates 2016,,official,Yes/No summed over seven bills
2016r,referendum,2016-11-24,H,St. George North East,1972–present (15 seats),6204,2371,757,15846,0.3822,persons voted,No,NO,Yes,,6164,38.9,69.45,,2,,,,,,PEO referendum certificates 2016,,official,Yes/No summed over seven bills
2016r,referendum,2016-11-24,J,St. George North West,1972–present (15 seats),3782,1202,577,7852,0.3178,persons voted,Yes,YES,No,,96,1.22,50.61,,2,,,,,,PEO referendum certificates 2016,,official,Yes/No summed over seven bills
2016r,referendum,2016-11-24,K,St. George South East,1972–present (15 seats),4544,1825,506,12272,0.4016,persons voted,No,NO,Yes,,4018,32.74,66.37,,2,,,,,,PEO referendum certificates 2016,,official,Yes/No summed over seven bills
2016r,referendum,2016-11-24,L,St. George South,1972–present (15 seats),8492,2716,670,18328,0.3198,persons voted,No,NO,Yes,,6310,34.43,67.21,,2,,,,,,PEO referendum certificates 2016,,official,Yes/No summed over seven bills
2016r,referendum,2016-11-24,M,St. John,1972–present (15 seats),5337,1442,544,9548,0.2702,persons voted,No,NO,Yes,,2320,24.3,62.15,,2,,,,,,PEO referendum certificates 2016,,official,Yes/No summed over seven bills
2016r,referendum,2016-11-24,N,St. Mark,1972–present (15 seats),3143,850,484,5464,0.2704,persons voted,No,NO,Yes,,654,11.97,55.98,,2,,,,,,PEO referendum certificates 2016,,official,Yes/No summed over seven bills
2016r,referendum,2016-11-24,P,St. Patrick East,1972–present (15 seats),3283,1120,673,7157,0.3412,persons voted,No,NO,Yes,,2201,30.75,65.38,,2,,,,,,PEO referendum certificates 2016,,official,Yes/No summed over seven bills
2016r,referendum,2016-11-24,R,St. Patrick West,1972–present (15 seats),3953,1232,494,8158,0.3117,persons voted,No,NO,Yes,,2596,31.82,65.91,,2,,,,,,PEO referendum certificates 2016,,official,Yes/No summed over seven bills
2018r,referendum,2018-11-06,C,St. Andrew South West,1972–present (15 seats),4858,1487,9,1478,0.3061,persons voted,No,NO,Yes,,316,21.38,60.69,,2,,,,,,"Government Gazette No. 52, Friday 16 November 2018, pp. 701–711, results notice signed by the Supervisor of Elections (Ag.)",,official,
2018r,referendum,2018-11-06,D,St. Andrew North East,1972–present (15 seats),5003,1398,1,1397,0.2794,persons voted,No,NO,Yes,,31,2.22,51.11,,2,,,,,,"Government Gazette No. 52, Friday 16 November 2018, pp. 701–711, results notice signed by the Supervisor of Elections (Ag.)",,official,
2018r,referendum,2018-11-06,E,St. Andrew North West,1972–present (15 seats),4482,1292,9,1283,0.2883,persons voted,No,NO,Yes,,187,14.58,57.29,,2,,,,,,"Government Gazette No. 52, Friday 16 November 2018, pp. 701–711, results notice signed by the Supervisor of Elections (Ag.)",,official,
2018r,referendum,2018-11-06,F,St. David,1972–present (15 seats),8608,2316,13,2303,0.2691,persons voted,No,NO,Yes,,669,29.05,64.52,,2,,,,,,"Government Gazette No. 52, Friday 16 November 2018, pp. 701–711, results notice signed by the Supervisor of Elections (Ag.)",,official,
2018r,referendum,2018-11-06,G,Town of St. George,1972–present (15 seats),3481,927,3,924,0.2663,persons voted,No,NO,Yes,,106,11.47,55.74,,2,,,,,,"Government Gazette No. 52, Friday 16 November 2018, pp. 701–711, results notice signed by the Supervisor of Elections (Ag.)",,official,
2018r,referendum,2018-11-06,L,St. George South,1972–present (15 seats),9690,2356,30,2326,0.2431,persons voted,No,NO,Yes,,670,28.8,64.4,,2,,,,,,"Government Gazette No. 52, Friday 16 November 2018, pp. 701–711, results notice signed by the Supervisor of Elections (Ag.)",,official,
2018r,referendum,2018-11-06,M,St. John,1972–present (15 seats),5997,1400,9,1391,0.2335,persons voted,No,NO,Yes,,81,5.82,52.91,,2,,,,,,"Government Gazette No. 52, Friday 16 November 2018, pp. 701–711, results notice signed by the Supervisor of Elections (Ag.)",,official,
2018r,referendum,2018-11-06,N,St. Mark,1972–present (15 seats),3437,933,4,929,0.2715,persons voted,Yes,YES,No,,245,26.37,63.19,,2,,,,,,"Government Gazette No. 52, Friday 16 November 2018, pp. 701–711, results notice signed by the Supervisor of Elections (Ag.)",,official,
2018r,referendum,2018-11-06,P,St. Patrick East,1972–present (15 seats),3661,1112,7,1105,0.3037,persons voted,No,NO,Yes,,21,1.9,50.95,,2,,,,,,"Government Gazette No. 52, Friday 16 November 2018, pp. 701–711, results notice signed by the Supervisor of Elections (Ag.)",,official,
2018r,referendum,2018-11-06,R,St. Patrick West,1972–present (15 seats),4367,1210,5,1205,0.2771,persons voted,No,NO,Yes,,121,10.04,55.02,,2,,,,,,"Government Gazette No. 52, Friday 16 November 2018, pp. 701–711, results notice signed by the Supervisor of Elections (Ag.)",,official,
