source_table,source_row,source_cell_count,source_section,existing_doc_no,new_doc_no,document_title,doc_type,version,revision_date,storage_location,minimum_retention_time,archive_disposal_instruction,status_remarks
1,4,10,FORECASTING,,MET SOP-001-01,SOP for Senior Level Meteorological Technician,SOP,2,18th Nov. 2025,,,,
1,5,10,FORECASTING,QP 750 – 06,MET SOP-002-01,Procedure for Public Forecast,SOP,1,28th Dec 2011,,,,
1,6,10,FORECASTING,QP 423 – 07,MET SOP- 003-01,Procedure for weather briefing government agencies,SOP,1,"21st Jan.
2012",M:\QMS DOCUMENTS\Weather briefing for government agencies.pdf,2 years,Destroy,
1,7,10,FORECASTING,QP 750 – 04,MET SOP-003-02,Procedure for Flight Folder & Weather Briefing,SOP,1,20th Dec 2011,Procedure Flight folder and weather briefing,1 year,Archive,
1,9,10,FORECASTING,NA,MET SOP-004-01,Generation of Marine Bulletin,SOP,2,18th Nov. 2025,,,,
1,11,10,FORECASTING,F 423-01,MET F – 001-01,Model Monitoring Spreadsheet,Form,1,15th Dec 2011,,Not Applicable,Archive,*Has to be updated
1,12,10,FORECASTING,F 750-02,MET F – 002-01,Public Forecast Form (today & tonight),Form,3,15th July 2026,Forecast book,1 year,Archive,
1,13,10,FORECASTING,F 750-03,MET F – 002-02,Public Forecast Form (afternoon & tonight),Form,3,15th July 2026,Forecast book,1 year,Archive,
1,14,10,FORECASTING,F 750-04,MET F – 002-03,Public Forecast Form (tonight & 3-day),Form,3,15th July 2026,Forecast book,1 year,Archive,
1,15,10,FORECASTING,F 423-02,MET F-003-001,Flight Folder & Weather Briefing Records Sheet,Form,2,28th Jul 2021,,,,
1,16,10,FORECASTING,F 750-08,MET F-003-02,Flight Folder & Weather Briefing Records Sheet,Form,1,20th Dec 2011,Assigned folder, 2 years,Archive,
1,17,10,FORECASTING,F 750 – 06,MET F-004-01,Issued Bulletins,Form,,11th Jan. 2012, Folder for Issued Warnings,1 year,Destroy,
1,18,10,FORECASTING,F 820-03,MET F-005-01,Debriefing form,Form,1,11th Jan 2012,Assigned folder,6 months,Archive,
1,20,10,FORECASTING,QP 750 – 05,MET QP-002-01,Flow Chart for TAF,Chart,,18th an 2012,Flow Chart for TAF,1 year,Archive,
1,23,10,FORECASTING,WI 423 – 04,MET WI-001,"Instructions For
Starting Windgridds
",Work Instruction,,4th Jan 2012,,,,
1,24,10,FORECASTING,WI 750-01,MET WI-002-01,TAF Preparation,Work Instruction,,23rd Dec 2011,,1 year,"Archive
Update needed as method has changed",
1,25,10,FORECASTING,WI 423-03,MET WI- 004-01,Record and Store model output & weather bulletin,Work Instruction,,23rd Dec 2011,Assigned Clipboard,6 months,Destroy,
1,26,10,FORECASTING,WI 750-06,MET WI-004-02,Issuing of Early Warning,Work Instruction,,,,2 years,"Archive
Needs to be updated to reflect CAP",
1,27,10,FORECASTING,WI 423-02,MET WI-005-01,Briefing Incoming Shift,Work Instruction,,4th Jan 2012,Work instruction for briefing incoming shift.pdf,1 year,Destroy,
1,32,10,CLIMATOLOGY,QP 720-02,MET SOP-005,Customer related Processes,SOP,1,9th jan,CUSTOMER-RELATED,2 years,Archive,
1,33,10,CLIMATOLOGY,QP 720 - 03,MET SOP-006,Procedure for handling verbal order,SOP,1,6th Jan 2012,Procedure for handling Verbal Order,2 years,Archive,
1,36,10,CLIMATOLOGY,F 423 – 03,MET F-009,CL 2 form,Form,1,1st Jan 2012,,Not Applicable,Archive,
1,37,10,CLIMATOLOGY,F 720 – 01,MET F-010,Verbal Order Form,Form ,1,6th Jan 2012,Assigned folder,2 years,Archive,
1,40,10,CLIMATOLOGY,WI 423-10,MET WI-006,Work Instruction for Climatological Documentation and Record,Work Instruction,2,4th Mar 2014,Work Instructions for Climo Data Entry.pdf,1 year,"Archive
Needs to be updated to include the use of the eregister",
1,44,10,OBSERVATION,F 750-07,MET F-011,Aerodrome Meteorological Observation (METAR Pad),Form,1,15th Dec 2011,Cupboards AIS and MET,1 year,Destroy,
1,46,10,OBSERVATION,,MET SOP-010,Procedure for Issuance of SPECI,SOP,2,18th Nov 2025,,,,
1,47,10,OBSERVATION,,MET SOP-011,Procedure for Issuance of METAR,SOP,2,18th Nov 2025,,,,
1,49,10,OBSERVATION,***,MET SOP-012,SOP for Entry Level Meteorological Technician,SOP,2,6th Jan. 2026,,,,
1,52,10,OBSERVATION,QP 750 – 08,MET QP-002,Flowchart for METAR (TGPY),Chart,1,19th Jan 2012,Flowchart for METAR (TGPY),1 year,Archive,
1,54,10,OBSERVATION,QP 423 – 08,MET WI-007,Work Instruction for plotting synoptic charts,Work Instructions,1,10th Feb. 2012,,Not Applicable,Archive,
1,55,10,OBSERVATION,WI 423 – 12,MET WI-009,Changing charts for weather parameters & muslin,Work Instructions,1,13th Jan. 2012,Work instruction for changing charts & muslin.pdf,1 year,Archive,
1,57,10,INSTRUMENTS,F-760-01,MET F-012,Table for Control of Monitoring & Measuring Equipment,Form,1,17th Feb 2012,,3 years,Archive,
1,58,10,INSTRUMENTS,F 760-02,MET F-013,"Instrument Maintenance
Schedule",Form,1,2nd Mar 2012,Z:\Instrument Maintenance\Maintenance schedule.docx,2 years,Archive,
1,59,10,INSTRUMENTS,QP 760 – 01,MET F-014,"Instrument Maintenance
Monthly Report",Form,1,15th Dec 2012,Instrument Maintenance,2 years,Archive,
1,66,10,ADMINISTRATION,F 500 – 01,MET F-015,"Management Review
Meetings",Form,1,,,2 years,Archive,
1,67,10,ADMINISTRATION,F 553 – 01,MET F-016,Internal Communication,Form,1,16th Oct. 12,"Briefing form (new instructions, procedures, policies, objectives, etc)",1 year,Archive,
1,68,10,ADMINISTRATION,F 720 – 02,MET F-017,"Customer Relation
Processes Form",Form,1,13th Jan 2012,,2 years,Archive,
1,69,10,ADMINISTRATION,F 720 – 03,MET F-018,Customer Survey Form (In-house tours),Form,1,,Assigned Folder,2 years,Destroy,
1,70,10,ADMINISTRATION,F 720 – 04,MET F-019,Customer Survey Form (Aviation customers/Public business),Form,1,,Assigned Folder,2 years,Destroy,
1,71,10,ADMINISTRATION,F 820 – 01,MET F-020,Complaints Form,Form,1,11th Jan 2012,Assigned Folder,6 months,Archive,
1,72,10,ADMINISTRATION,F 820 – 02,MET F-021,Suggestions/comments form,Form,1,11th Jan 2012,Assigned folder,6 months,Archive,
1,75,10,ADMINISTRATION,F 720 – 02,MET F-036,"Customer Relation
Processes Form",Form,1,13th Jan 2012,Forms\Customer related processes form.docx,2 years,Archive,
1,76,10,ADMINISTRATION,,MET F-037,Customer Survey Form (In-house tours),Form,,,Assigned folder,2 years,Destroy,
1,77,10,ADMINISTRATION,F 720 – 03,MET F-038,Customer Survey Form (Aviation customers/Public business),Form,,23rd Oct 2013,Assigned folder,2 years,Destroy,
1,79,10,ADMINISTRATION,QP 740 – 01,MET SOP-004,Purchasing,SOP,1,15th Dec 2011,,3 years,Archive,
1,83,10,Management and QMS,F 822 – 01,MET F-022,Internal audit form,Form,1,5th Sept 2012,Nonconformity report,1 year,Archive,
1,84,10,Management and QMS,F 822 – 02,MET F-023,"Internal Audit Schedule
Form",Form,1,11th Sept 2012,Schedule form,1 year,Archive,
1,85,10,Management and QMS,F 822 – 03,MET F-024,Internal Audit Plan,Form,1,11th Sept 2012,Internal Audit Plan,1 year,Archive,
1,86,10,Management and QMS,F 822 – 04,MET F-025,Internal Audit Checklist,Form,1,5th Sept 2012,Checklist,1 year,Archive,
1,87,10,Management and QMS,F 830 – 01,MET F-026,Nonconforming products,Form,1,23rd Oct 2012,Nonconforming products form,2 years,Archive,
1,88,10,Management and QMS,F 850 – 01,MET F-027,Preventive Action Form,Form,1,27th Jan 2012,M:\QMS DOCUMENTS\Records\Pre ventive action,2 years,Archive,
1,89,10,Management and QMS,F 850 – 02,MET F-028,Corrective Action Form,Form,1,27th Jan 2012,M:\QMS DOCUMENTS\Records\Cor rective action,2 years,Arhive,
1,90,10,Management and QMS,,MET F-029,Document Revision History Template,Form,1,19th Nov 2025,,,,
1,92,10,Management and QMS,QP 710 – 01,MET F-039,Quality Plan,Form,1,5th Jan. 2012,Guide for quality plan,2 years,Archive,
1,93,10,Management and QMS,,MET F-030,Grenada Meteorological Service QMS Change Log Template,Form,1,19th Nov. 2025,,,,
1,95,10,Management and QMS,QP 822 – 01,MET SOP-023,Procedure for Internal audit,SOP,1,5th Sept. 2012,,3 years,Archive,
1,96,10,Management and QMS,QP 824 – 01,MET SOP-024,Procedure for Monitoring and Measurement of Products,SOP,1,12th Jan. 2012,,3 years,Archive,
1,97,10,Management and QMS,QP 830 – 01,MET SOP-025,Procedure for Control of Nonconforming Products,SOP,1,12th  Jan. 2012,,3 years,Archive,
1,98,10,Management and QMS,QP 840 - 01,MET SOP-026,Procedure for Analysis of Data,SOP,1,"23rd 
Jan.2012",,3 years,Archive,
1,99,10,Management and QMS,QP 850 - 01,MET SOP-027,Procedure for Corrective Action,SOP,1,24th Jan 2012,,3 years,Archive,
1,100,10,Management and QMS,QP 850 - 02,MET SOP-028,Procedure for Preventive Action,SOP,1,5th Jan 2026,,3 years,Archive,
1,102,10,Management and QMS,,MET F-031,Incident reporting form,Form,1,20th Nov. 2025,,,,
1,104,10,Management and QMS,,MET F-034,Search and Rescue Weather Form,,1,9th Apr. 2025,,,,
1,106,10,Management and QMS,,MET F-033,NHMS Shift Handover Checklist,Form,1,19th Nov. 2025,,,,
1,108,10,Management and QMS,F 423-10,MET F-035,Common mistake and/or questionable practice,Form,1,5th July 2012,Assigned Folder,1 year,Archive,
1,114,10,Management and QMS,QP 410 – 01,MET QP-003,Interaction of Processes,Chart,1,10th Oct. 2012,CAeM,4 years,,
1,116,10,Management and QMS,QP 422 – 01,MET QM-001,Quality Manual,Manual,3,"March 2026
",CAeM,3 years,Archive,
1,117,10,Management and QMS,,MET QM-002,Manual of Operations,Manual,1,August 2025,,,,
1,118,10,Management and QMS,QP 622 – 02,MET QM-003,Manual on Competency Assessment System,Manual,1,August 2014,CAeM,2 years,Archive,
1,120,10,Management and QMS,QP 423 – 04,MET G-001,Master List,Guide,4,Aug 2025,,3 years,Archive,
1,121,10,Management and QMS,QP 750 – 01,MET G-002,Control of Production and Service Provision,Guide,1,30th Jan 2012,Control of Production and Service Provision,2 years,Archive,
1,124,10,Management and QMS,QP 760 – 02,MET SOP-013,Control of monitoring & Measuring Equipment,SOP,2,4th Dec. 2025,,3 years,Archive,
1,125,10,Management and QMS,QP 423 – 02,MET SOP-015,Control of Documents,SOP,1,10th Jan. 2012,,3 years,,
1,126,10,Management and QMS,QP 423 – 03,MET SOP-016,Procedure for the Control of Records,SOP,1,15th Dec. 2011,,3 years,,
1,128,10,Training/Competency,QP 622 – 01,,CAS – Gap Analysis,,,July 2014,CAeM,2 years,Archive,
1,130,9,Training/Competency,QP 622 – 04,MET SOP-007,AMF - Competency,SOP,1,,CAeM,2 years,Archive,
1,131,10,Training/Competency,QP 622 – 05,MET SOP-018,Procedure for CAS Annual Portfolio & Permanent File,,,29th Aug. 2014,CAeM,2 years,Archive,
1,135,10,Training/Competency,QP 750 – 02,MET SOP-019,Procedure for Preservation of Products,SOP,1,10th Jan 2012,Procedure for Preservation of Products,2 years,Archive,
1,136,10,Training/Competency,QP 750 – 03,MET SOP-020,"Procedure for identification and traceability
",SOP,1,10th Jan 2012,Procedure for identification and traceability,3 years,Archive,
1,137,10,Training/Competency,QP 820-01,MET SOP-021,"Procedure for Retrieving, Analyzing & Acting on Customer Complaints",SOP,1,11TH Jan 2012,,3 years,Archive,
1,138,10,Training/Competency,QP 820 – 02,MET SOP-022,"Conducting
Surveys/Customer
Satisfaction",SOP,1,11th Jan. 2012,,3 years,Archive,
1,145,10,Training/Competency,,MET SOP-029,"SOP for Safety, Security & Business Continuity",SOP,1,1st Dec. 2025,,,,
1,146,10,Training/Competency,,MET SOP-030,SOP for Change Management Process,SOP,1,1st Dec. 2025,,,,
1,147,10,Training/Competency,,MET SOP-031,SOP for Data Management & Information Services,SOP,1,19th Nov. 2025,,,,
1,148,10,Training/Competency,,MET SOP-032,Training & Development Policy,SOP,1,10th Mar. 2025,,,,
